sqft_living,num_bedrooms,house_age_years,distance_to_city_km,lot_size_sqft,crime_rate,house_price
2048.3570765056165,4,42,29.34321974255967,5670.864111114739,0.9442088383461076,313633.63327507855
1730.8678494144076,1,18,31.18234264905594,5866.620449221857,0.9955109680158664,246818.34692924668
2123.844269050346,3,68,14.75150163122547,5266.968554773486,0.45027681044159074,317472.97200753656
2561.514928204013,5,50,33.16672639483368,8023.689522252609,0.2525303896364445,388886.1959004509
1682.923312638332,3,10,21.110716828401685,7421.9761797854735,0.44282937038432413,300559.34875400714
1682.9315215254096,3,11,19.068452477639077,5797.336099213742,0.8472694099627238,253567.58722916333
2589.6064077536957,1,73,2.770727977279009,6381.387419611495,0.20600567855203988,365741.79190809827
2183.717364576454,1,7,12.31113855230733,5441.867637820567,0.9520956516529238,366060.5313206505
1565.262807032524,1,23,37.30938886452669,1734.7720619223364,0.341865768798151,178396.42603710742
2071.2800217929826,2,40,16.2811345680565,6030.739519389037,0.9858036594503049,300366.1995063147
1568.291153593769,4,35,22.321320301713964,6458.4215418768235,0.8386088875339622,230537.73921905
1567.1351232148716,2,71,21.74884548038582,3581.007362939659,0.8085705341473903,190502.48511531632
1920.981135783017,4,54,24.02681250308504,6749.116603791904,0.3179046737732836,306558.95065399725
843.359877671101,4,8,3.391907270088022,5579.134983082786,0.008777211947929464,235602.1801725443
937.5410837434836,3,46,15.124873937150403,6506.900580951993,0.3821329088259878,187046.3373475757
1518.8562353795137,3,14,29.202002681419614,5624.402028944872,0.30180936966269367,236640.88986963016
1293.5844398327881,4,47,8.821849791846333,7876.431711340274,0.03739699040879729,238516.6062650301
1957.1236662976369,4,41,8.939556724308057,6339.34323087613,0.5053652565059297,415927.94606899703
1345.9879622393946,2,59,1.3935336608719644,7503.624688008011,0.4030313112827366,220523.9101634279
1093.8481493323543,2,69,18.06179513772018,7627.089213262418,0.6345564677415247,130357.79816763388
2532.824384460777,3,11,35.42664084626346,4320.666410867384,0.6211863221940832,373673.4243008048
1687.1118497567322,1,1,3.0241367999050515,4891.4746949682785,0.12074663589668011,309008.3242505018
1833.764102343962,4,6,8.453629670344103,6677.416024089384,0.9769655461266226,323775.289254689
1087.6259068932716,2,79,13.093296995367448,5451.694074362742,0.18693142944144692,150911.98334252424
1527.8086377374086,3,2,29.537264726004302,5642.089846115557,0.44527402476470457,260762.82644636356
1855.461294854933,2,2,25.984788119300873,7929.847233255914,0.4881175434337349,308390.0229669251
1224.5032112888484,4,26,17.221812278692347,5534.450432711895,0.8130627972141201,194610.05027886506
1987.849009172836,4,39,30.603688631076654,4546.605977627127,0.09922959609464677,324574.7629248479
1499.6806550405975,5,32,24.775609454619175,4749.299997546608,0.42864427920853176,261248.89469061175
1654.1531251033616,1,0,35.945591186631546,9273.534751789051,0.6285021702362039,263828.21979304746
1499.1466938853016,5,7,32.90304321640903,5732.670779422145,0.21515562162405555,240639.0310938012
2726.139092254469,3,31,10.859730637478823,3953.6283671731344,0.6274678987660728,440051.37252714566
1793.2513876310331,2,47,11.586104527733808,3345.812107025108,0.9236648375496527,223278.3041225746
1271.1445355220499,3,3,5.888902555903039,5063.04503598883,0.997518131172675,236127.45474171874
2211.2724560515944,4,69,14.141624302980803,5705.216820858925,0.032451076790675715,368874.059146327
1189.5781750144888,5,18,39.98221283004468,7423.760559641509,0.2355882282446775,232758.8643110963
1904.4317975023778,5,31,16.824295575987378,7278.517749692651,0.31030711579169745,347565.34956895007
820.1649380601123,5,8,9.59904895287515,5990.480368390748,0.3991261004449661,215741.15970899642
1135.9069755507849,3,11,30.73683249454657,5318.747120760617,0.2422571575847674,192870.4778631269
1898.4306179345617,4,10,22.156369135043587,6509.402780132535,0.20348799455531252,330260.84931272536
2169.2332899977055,2,45,6.834456531551149,3376.880885795418,0.9545538424175,381105.61845186946
1885.6841405949854,2,15,15.846897565273764,8971.621340893826,0.9185216027705179,324013.0755773135
1742.1758588058797,3,0,17.16431890603439,6981.158393784916,0.04699250100311747,304672.76518999884
1649.4481522053557,5,62,30.399358322199525,7300.485329592409,0.33881302160484816,221961.4869278836
1060.7390048162863,1,20,1.806183386784274,4388.769927185084,0.40514855367840663,187723.26990501297
1440.0778958026458,3,29,11.491766225134109,7923.9729619448935,0.23901453466594336,288088.9150427805
1569.6806145201062,3,12,21.18625575130536,5309.974258460557,0.6288728969881755,266801.2532389091
2328.561113109458,4,33,11.48502295566089,4571.162815772155,0.640380746644241,341107.1393179187
1971.8091447842307,2,3,25.508927849340957,5941.2414440906705,0.8505042283285971,307929.4675181485
918.479922318633,3,27,19.79283169171005,5906.167371017439,0.7408692683852178,156020.96649573717
1962.0419846973975,3,58,15.106699939523645,4382.194391232005,0.5425733269659556,249420.08917949995
1607.4588597918419,5,26,38.019136447949975,4657.593969687952,0.6535867700444199,253481.03217589846
1461.5389998470207,5,68,25.654220468271838,4540.152337007925,0.2739887815430181,206942.8003505442
2105.8381444204338,1,24,6.0677135184497075,4554.427398214762,0.5930561899673576,302180.39226703293
2315.4997612479756,4,2,22.843576200292425,5417.853139350599,0.48922725474991924,429708.6401262693
2265.6400595580994,1,67,31.448542274835138,3916.522295741313,0.1333444673163704,281753.8620777552
1380.3912383886807,5,24,28.631098202219096,4962.938253879096,0.24254427658297073,234215.8919561169
1645.3938120743928,2,19,7.7114799425151155,7567.701822576404,0.29169345072158603,282814.7942995579
1965.631715701782,5,33,38.92437996256403,7234.964178156275,0.924309567052558,296843.60377464315
2287.7725635611796,4,25,18.503732184117634,4425.181138660868,0.23038663938588944,422675.2614948631
1560.412881077355,5,4,7.201975145870191,7437.307375941351,0.28924390281966816,302332.52970537194
1707.1705116680914,4,60,8.02763441099777,3050.3410962959265,0.3693541300894323,274918.11313465406
1246.8325129969858,4,8,4.83116469537414,9643.71648301823,0.663742738625387,265170.5182942895
1201.8966879596646,4,49,32.33720622896244,7950.469788203389,0.11823839247214052,177556.64670955852
2206.262911197099,4,5,5.759189278552097,5160.40213178984,0.9539452124937761,383545.37255893095
2478.1200142854113,4,59,5.879885028528131,6573.639842602665,0.8655712200947645,404768.313817373
1763.994939209833,2,43,34.16839297567267,3898.6210078363065,0.5772160730089502,224313.31150924024
2301.766448946012,1,10,14.439559293454826,6090.66418488872,0.6740378674249567,360792.9705741447
1980.818012523817,3,65,2.2034582680148254,5724.505451246299,0.01666047124421599,324139.6327033307
1477.4401226974378,1,46,3.023916681218024,4747.854915911406,0.3389447753484487,237531.37633147123
1980.697802754207,4,72,6.544647421451927,5297.163770511212,0.795660230661442,311275.2541945972
2569.0182832329847,2,2,9.322340571051893,5149.518786285859,0.07748297379238589,459474.9953493076
1782.0869804450242,5,75,26.94070157529781,4302.394921023547,0.2823138342107202,305788.4555587792
2582.3218279070034,2,29,7.1357249200713015,4712.779131155005,0.5852968283343113,362141.81158114
490.12744795512776,4,20,5.636101255905808,3837.233361000431,0.2564130276989418,135699.21441633423
2210.9512521876118,2,27,30.82404651757489,7285.996148340926,0.9339779741445192,293070.5496792819
1843.5235341190855,2,61,27.17115607053666,4601.830880315596,0.13105863080429037,254536.29883554226
1650.4963247670662,4,32,17.97764463675421,4166.968692644768,0.7973943579077786,287037.43502186623
1845.8803882677512,2,34,22.423081087724054,7262.257019723995,0.5079486919064082,309289.3403336799
806.2155426995536,3,51,13.167376792730321,6554.430531508995,0.750330775819956,155874.49554062507
1690.164056081244,3,33,19.817516389179065,7206.751583923438,0.31071532831144744,307196.22744392994
1978.5562857558732,2,40,20.760233310327084,7374.124836294982,0.5144896023120388,299477.9530687106
2538.947022370758,5,50,16.10225357594574,8906.182345407637,0.8568353497231763,436766.58268495835
1540.8648908631762,4,46,36.356316216214346,5765.940349960223,0.4668780991231044,259257.79292349907
1395.7531985534063,3,57,1.6264127342592398,3813.588481506739,0.3597198619102696,240934.95087815766
1549.1214782077318,5,74,31.5046792605586,6406.556701143188,0.5361553862527361,246184.38668637743
2257.701058851037,2,56,5.850930418411648,4996.4930656802735,0.7173627530363669,344375.60711063916
1964.3755548298423,5,22,32.10434706095078,4563.742075026688,0.44356334549850274,352925.046729166
1535.1198981164807,1,47,25.020564711392126,6149.887758325861,0.938876975142273,196037.3391654963
2056.633716556678,3,21,33.88784554651969,7298.6290995143845,0.29494582404234204,314421.7630076169
1848.5387746740203,2,16,4.803058699995001,4746.007737605575,0.4754636061691204,300104.5068358157
2284.3224952664445,4,68,22.800244729891187,7911.582130997578,0.7569276593414415,333690.7610121288
1448.9734530613239,2,10,20.542427330225685,4515.579061495776,0.6891210904957582,238577.66625854492
1636.1689267011159,4,14,28.541534135570988,5634.145168011805,0.8636410524171562,247855.04333780074
1603.9459234339213,2,34,21.837331523853358,6579.461822671302,0.9968091806811089,228888.3702743043
1068.2425259339407,5,32,22.088648118191063,5418.151186973912,0.42685832879508956,189002.9730344843
1948.060138532288,5,15,17.754241799466524,3335.9964915921946,0.11115087978331184,335375.61374371836
1930.5276360899447,5,33,13.044542536286293,7391.111237683208,0.030415880807967977,378199.77089126135
1802.5567283212304,1,65,19.808310088835494,5064.8034894659595,0.7268769061397716,261232.41597178578
1682.7064333124265,4,39,5.621201991967623,7117.347674090539,0.8740136713087157,311417.10078367835
1092.3146289747929,5,27,38.499020220340306,4103.783797458507,0.22071258594441867,184401.73821986295
1589.6773386173204,1,46,28.862019781437333,4359.845126855382,0.15844803718990597,221877.1641506182
1628.6427417366153,4,38,38.14621755082602,7293.650114333035,0.06220509152569098,238134.76530236157
1398.8613653891905,2,69,9.842367910868568,6510.762139113035,0.8227029217172064,206498.74747361237
1719.3571441669953,1,72,35.294299786884594,5342.121433972985,0.31138193989258434,212097.54073960334
2002.0254284072691,3,19,32.542809397978004,6532.547397256256,0.4016968927597765,374182.73610635614
2743.0929506052653,1,0,27.408944085849274,4568.9412966834625,0.5027501916096123,446147.95054740936
1887.2889064159194,1,71,25.376138257323024,6165.388676233364,0.8394532342095508,241681.20743400065
1928.7751953613822,4,62,13.345436945446929,6192.830885085098,0.6508332215614849,301726.6027894961
1762.7770421169164,2,66,32.8400206136362,5439.327592213457,0.6150646298578113,244809.37242732022
840.6143923504793,3,3,20.55910299770962,4747.071441613863,0.1756720999559107,158762.71083294746
1786.7430622753916,5,57,3.764771459760129,6105.37286732219,0.5131898917098298,336372.1073752986
1830.1151049705131,5,24,13.20166327335007,5917.528285048653,0.7153810171786552,304145.52688554354
3031.621056242643,1,46,37.476586843267775,5301.266881620586,0.9732608830304917,391902.5082995266
1703.8195176094387,4,37,34.17653016358901,4449.278294728875,0.20140630921335223,230800.9097210002
1950.7736711668063,4,14,39.294322224985024,6018.715574003201,0.009543353067226645,336507.2223545149
1782.6441151473784,5,62,25.491741921559825,5305.016452745092,0.07530143359846975,292908.5748125669
1215.660981190234,3,20,10.652892852476066,4448.0135693446,0.37585246518197923,216760.60058773035
2371.4114072575103,2,56,7.349786937397687,6065.294716137167,0.8205446477459871,338818.50486290833
2175.966516343387,3,52,8.289663183730003,8412.458208083079,0.0071420817682450455,396545.5811730332
2195.5159735215234,2,45,1.7720306755429212,5449.758501139383,0.4567305928858403,355194.8704785543
1345.3062726026305,5,13,16.236602328451628,8246.664811863035,0.32923061534139453,258311.54107078983
2501.3971554680497,2,75,8.465679539482158,9171.497572095144,0.052481710099727574,427718.2571245432
1099.0744686038597,4,16,17.054562957811395,4569.8716464334875,0.4502362866726173,198970.72216371607
2093.428546900135,1,38,37.46478284171185,6013.566312298447,0.25474870733671884,314574.1206060235
2895.227812904989,1,8,17.79106817078041,9155.597876724463,0.35188483434700646,445932.40912240505
1304.7318374346557,5,76,35.241395382408555,5818.380057886434,0.705615304784293,165417.05890969012
1516.851135198614,4,78,24.614685898019182,6055.2182186480995,0.5215509839109671,224715.3728603783
1849.8256825438207,3,5,10.638130631794285,3494.9917884376623,0.12464742899281334,339610.47814889206
1548.2621729419004,4,22,14.878335611109245,5202.507149520498,0.961414540423639,268759.661041214
1024.6682844669335,1,58,4.272861897035748,6833.383027003406,0.6359107657097384,144703.695986721
1834.2814874030137,1,45,14.00504115024441,9643.923964426875,0.7658684256625315,242490.5335060714
1268.8481431369476,4,37,27.42409687463783,5705.989749792464,0.07921315000837081,247938.1888452134
2036.7962153175908,4,13,3.812332624247972,3506.0605166229675,0.047058379460018895,375444.73546323064
1340.2878828830985,1,71,9.010654930643145,3892.1262138400366,0.01944805036808117,203708.26006378446
2574.96720250877,3,61,15.876200615119147,5946.315471092555,0.18879402777344445,413898.73939526506
1408.3733538318816,5,34,39.29993194362254,7765.810197078374,0.41440839771849514,234380.6377081782
1638.9692418971622,5,18,31.60961109539633,6956.030524313093,0.9358261334028228,255696.42134925703
2206.758608684835,4,29,29.60598311319205,6690.383795265189,0.4570596592657763,376269.09368452977
1184.5678417830222,5,77,5.531447304492393,7963.716580376395,0.2902551053725294,225281.36881078902
1913.7299673020648,1,24,31.458839850984667,4919.656368721573,0.5619352535196633,277627.96345759055
2453.571377141214,1,39,31.62548364912459,6028.642079936348,0.11193457813478924,361608.42398504197
996.2583827193862,4,13,24.4430051293488,5219.426819696407,0.6095058910049832,218173.17350826922
1892.316929266152,4,25,39.6241094979365,5592.81639682189,0.5684319543305033,273942.80492168374
1929.9413971242118,4,21,13.684902331057526,4490.595968511772,0.7919930334057097,335690.3735742527
2190.9114358886554,3,47,37.70962548143221,5484.035892849306,0.9866876116170241,285267.13076633424
1181.5246445609591,5,50,36.67451348330364,5958.426650631902,0.2508734717161105,147881.4594821688
1139.7716934578618,4,2,1.4477457302257357,5442.7927502076745,0.5096564508037607,213535.33690238558
2060.970782808449,2,41,18.55454453251763,5758.407745479297,0.9088654063190036,282471.9264243451
1948.492336616593,2,18,39.10706508901136,6607.560815155779,0.7851898844228413,265703.8146363523
1925.2464251729382,1,72,5.021733133914956,7858.043653596598,0.48740630310080757,328207.25727645453
1973.224104748488,5,27,22.36360308094946,7966.733802168897,0.9453716496147778,342378.2978928652
1459.9876392107547,4,44,39.17934277460306,7142.132651095489,0.05723669351680938,243363.1566335837
1916.1268485805017,2,70,22.664321540128547,4110.027782342526,0.930998619712584,234971.0718251828
1946.5362366493407,5,77,8.402796815914083,5459.385021645219,0.05050739238280655,328406.3319357252
1442.824290986816,1,62,23.705145973611,5588.572453931098,0.5473047441146843,232146.9869669519
2732.8872555723783,3,72,8.973182384032327,5014.2752538171535,0.8904409480010858,377900.28335185867
2036.9164604558937,5,18,21.268466252884885,6513.5267685444105,0.2627209435613028,373504.9708666527
1204.3482513986755,5,46,3.8876464985815717,3608.507260077813,0.4722484989451585,263296.2428519351
2128.276804316915,3,13,24.613824099361782,8540.349704292437,0.3243288791369666,378590.4792424152
1312.6591648863393,5,37,21.15480762599817,7792.831007282572,0.9521439170763514,258618.80007473295
2193.542301871226,1,52,29.866293381697062,6717.3033928526365,0.8236455947530908,295614.4492817934
2379.297789503702,1,60,25.597318375192614,5906.836005119723,0.7090015113263796,333111.37803695636
1389.6588408241448,3,35,22.43464447269951,7843.25894260883,0.5876269866151087,227050.0554371443
2281.6880646221607,4,39,27.901375120676725,7034.107405170401,0.8205917893241481,359318.519325717
2006.3904634682492,2,29,6.613734629317003,7659.956676327139,0.3922670415235471,323085.7414371413
2211.030079997245,4,8,24.219026789085557,5911.421876610239,0.4475518551060619,393169.2280948707
2748.396491326974,5,63,7.71231351008833,8683.96962879625,0.7300017210808615,451643.85731442133
1677.3059419985648,2,32,37.09536610622335,7750.3318135347845,0.35775476329371425,246374.05019379876
1423.1319178212552,3,51,3.665030088978564,6764.304443153897,0.06390094204837382,293711.6559208941
1355.2427851872383,3,13,17.784615237940937,7883.959380646732,0.07433460888607146,254439.66743379016
1392.0948575172808,2,74,28.13610162856235,5371.257087249041,0.11536280130570387,208848.1470124842
1761.4491452929478,1,52,18.86286625506209,4248.74946097946,0.8696813233436628,262875.7035749932
1970.575987408322,2,58,4.591714876083191,6482.325769571214,0.4722264257562043,328207.572255289
1938.3453996650096,5,77,22.581781628941588,5914.364331279797,0.7128823693447365,266419.40167382493
2213.591624518012,1,40,26.02364444426683,5703.423986583556,0.3929093356048933,327804.41086318495
1806.5009459389535,3,67,28.447900128629797,7824.468059024104,0.2587109474156345,301760.3854161075
2526.7670385786587,2,67,15.557132764047598,6250.708819815945,0.34719216756221194,337793.93855975894
1667.671583381022,4,7,22.982738870121725,6395.353610303227,0.7941823453171836,285288.6961771376
3160.0845832948094,4,1,18.576772522617613,5509.421161868856,0.6252161250314382,550856.0576764536
2112.8336738825033,5,40,27.210185511337883,7321.684708919289,0.937639779957902,328317.5368387174
1371.4212217918587,4,54,23.75872172566792,7052.81367196188,0.679704778576834,226787.3410063731
1264.5537509694439,2,15,21.50449256280626,7310.48951534144,0.5701816317546939,241125.67445123172
2041.2362076215927,2,61,10.731450306691697,5254.104050045732,0.6101960089858345,308130.70917669387
1688.2686073370746,4,47,1.0787221921811228,7956.132690070493,0.9423714394684146,301843.1404254888
2157.000247046046,2,29,7.789185337145741,8758.15263564956,0.7882009298667061,354373.95509809017
2036.6188122867725,5,11,5.565575615542578,7263.057595987058,0.024041237366437818,408105.45413008926
1763.5855436715635,1,34,18.514305055426924,4786.067569133564,0.5341396961356972,305166.3669197158
1376.6031409657976,5,10,24.878067879711942,4796.696573645699,0.6883384115465648,248837.64027258323
1042.5763876570677,5,63,9.310315338707518,5436.934566610368,0.748698478439155,173370.81916163335
1576.7425239664894,2,49,37.6232267427203,5153.434178972218,0.21314211931393667,235624.22783981453
2228.199397161736,1,20,1.2606030397316235,5893.361061469103,0.8671773544513522,345251.95985922473
1907.046872065102,2,68,31.119739591448372,6948.663699551771,0.9558431471751637,227905.02526113656
1177.130610644006,3,47,25.382986011687247,6434.928661124773,0.23671530584486977,174496.60484692105
1886.590462925591,2,19,15.568637240859594,6303.433584579433,0.8826154575172458,295446.5265720299
1992.6586898644184,2,66,2.969068832083909,5638.195875299782,0.09697876251609538,315768.2398092524
1358.0712818994334,2,43,25.471976299586895,5889.231109253176,0.055706836115245184,225191.97676389382
1876.862552972764,1,32,16.03892700176027,7194.863261293503,0.12922380010274936,295536.77225760516
1829.1043592229998,2,72,37.514418437115545,2982.0629587502776,0.057741079467035994,249515.1891459699
1228.5148510846884,1,60,22.13761292070087,5982.914387281902,0.8450122371557759,166969.88403837814
1978.8936801741415,4,8,37.64640894044682,6431.981392390988,0.05905014445827195,321986.673079824
2080.3922631841174,3,67,9.59886404545886,7175.374602820939,0.2716641913636555,347115.48724813055
2341.5256215876384,1,34,29.303310504200027,4484.931091074263,0.10375634353585639,364599.41901708435
2326.9010260174514,4,64,25.0727118131003,4405.635476320322,0.29542203631376496,314955.96731357777
1111.1653160214546,1,7,29.83692096342116,6875.932492317201,0.09055946760092048,193224.11597217259
1331.0874800424385,1,44,9.372046694928935,3143.3216396146263,0.668003250743014,186523.43555489293
2057.51763360433,3,46,26.934786133273175,7998.283666141178,0.13332681634257515,349483.5282893937
2056.8929754561045,5,39,20.42357532921789,6339.887987239215,0.8518459258388879,323490.85781842936
2057.523843153024,5,75,29.970174021346335,8338.081819265155,0.817191050726641,269044.0844514517
3726.365745327361,1,53,13.754741121920894,4369.391435145731,0.01366168547060942,563655.3460890194
2085.4452553465835,2,75,35.71222399314485,5345.460796922639,0.8957263555151146,235128.13715867972
2367.7828200902995,4,45,4.287751269842665,2388.1975096096717,0.02894431674336706,423635.566916457
2277.0008817466014,2,46,32.480383432856335,4806.465355507085,0.23964578495755662,312280.86429735745
2125.6956256528993,2,14,34.591465406788544,5724.229678917181,0.03238913777599506,335893.8019785411
1642.3653776798271,1,18,32.87284014330602,3055.938629987345,0.335843487039316,269598.32762909355
2179.4846102466336,1,25,20.996329376209264,5408.059781702401,0.5138665257132716,352798.8937089706
1413.587392731214,1,51,18.097014221199693,3018.9897347096335,0.7966448690151381,195788.00504262667
1681.5906966299956,1,21,39.8542291744702,5613.809722632862,0.33798155046983613,234193.8794129192
1557.3182260854483,5,20,9.937706097352322,7720.667890662355,0.7054900246731167,304625.7389321417
1840.9370696931612,1,50,22.32816266916574,5947.530374828816,0.18750445711898034,282697.92254081485
2957.329283336754,5,37,27.156345489910695,8487.311058917705,0.7505984567441264,447989.4954168489
866.367403704126,5,19,28.333837798595848,7179.438845091914,0.23599660590923754,196560.07824910857
2143.1300951872568,1,28,8.95696196380457,8022.221772910457,0.14354475594376792,335338.29114874796
993.6420644051742,3,50,26.505769601252247,4852.582138682575,0.1854088503740543,164879.5927252868
1564.0340671052832,4,3,32.91641309277215,4816.287557411097,0.18206312888185539,254863.36358400798
2344.475298483683,2,54,2.9507244960233763,6518.420124578053,0.5128628793769912,410952.08676377614
1832.1400095477313,5,70,36.549330439687346,3633.4468625507116,0.8447975811881461,261186.80456082648
1261.127611035347,4,27,2.1506581506630313,6706.715624643135,0.07960507699250563,234247.92779309952
1442.348145370016,3,3,14.88287026704738,5514.120275179605,0.7069563184934227,261428.9348758848
2139.798874467338,2,21,1.6167146530855208,7994.995256319986,0.6543464596528576,357675.915031834
1434.8166841414318,2,75,4.0086615730436925,7019.2683811191155,0.8725199518293624,194277.90987337928
1908.2292947909875,5,44,36.535563122023085,7645.05964551019,0.24414756050690722,307138.8125407951
1822.7859199519069,1,66,14.839572399099765,4868.690877907429,0.4501098586850296,236032.7403960304
1474.1998261970914,3,65,17.56608968657706,7572.315403142592,0.9258273744435174,225379.96427236652
2871.972044662663,5,33,9.398430873919553,8167.0687415464245,0.6599934501353172,500925.5761075403
2116.9595111590056,3,54,24.28673503728207,5941.929264929488,0.3887684128615969,325163.12576077855
787.4287066711964,1,0,24.197325372433795,4890.974070950268,0.13141238285526846,147267.80402745397
1893.2271573847138,1,71,15.515815281183551,4917.319198148386,0.26248500790059104,279066.80456411035
1469.106767615806,5,37,13.988360000410536,7858.519488023947,0.5812154774893833,283891.75991468114
2226.216667398112,1,5,35.51360801904293,10026.518613634968,0.7181679475605137,344268.4416164406
1403.7396307836498,4,24,15.948085346045854,4527.532394737167,0.12442188685189348,236523.74431879146
1742.6317792665504,2,16,20.246538694021922,4412.21992493616,0.599597260044054,263293.7586201203
2052.4936394902284,5,60,12.048885734572295,7382.121271011718,0.550351278838751,334693.20306869445
2232.8775970850606,3,11,31.68401063092797,4869.129705950033,0.513955446690708,323409.401670552
1199.8517964721118,4,5,16.500478119064574,7527.5330763424045,0.690123117682008,240058.48758107508
1632.7493820795257,5,26,21.030830815228658,6698.019260289969,0.8374495950834618,309058.8159036343
1562.5273444195218,1,7,10.880929632326795,5964.034046253054,0.3229896831768684,299729.89214683
1473.335383713144,1,64,39.51872410130882,6661.907301782532,0.8890121901109594,171968.19318534216
2682.7271201405483,1,56,12.368333896025192,6570.297553730091,0.1606336126185507,421932.3925833792
2002.4908554804779,1,39,31.058958705316517,5730.590253320736,0.17302386975116435,333161.56529747107
1169.5580228324775,3,13,17.67233036391361,3365.4584525422583,0.2667720636239239,234130.23951893527
2258.9309735273882,4,34,9.042478798281456,6267.976092883552,0.11953086954707781,415538.6676668078
2861.0780985063166,2,47,32.189031794629585,8359.590549096247,0.23031922468287758,394309.47755498614
2316.2326302755737,3,55,14.010664772132683,3586.847005193215,0.1064117629028446,393056.6143935635
1040.3150170229933,3,48,34.74254054851463,4551.322469791583,0.8217524169853904,137953.46116680975
1557.8829635668744,2,12,36.6950302117951,6640.240462149017,0.1389689918866246,246555.62347638427
2433.455574593311,2,60,34.53312958025976,6057.887794098421,0.7472975575598568,318362.7281986434
1446.1652671906097,1,48,2.3653086774654204,6616.773239376434,0.04791386791333374,235801.0487703613
2021.9097140731142,3,45,31.70756045519912,4951.022688258507,0.9485203275139151,306307.08954648586
2187.3170267146684,5,61,17.04223919346661,7743.6874298884595,0.7111600875277662,347319.5888657968
1336.5347642109587,2,7,35.07519388710678,6070.350848535317,0.006796548586111784,213970.65786306595
1770.2373219690999,2,42,25.880216244704812,7045.478283514585,0.763856500200214,238859.59939472823
179.36632996546382,4,19,33.51208223161438,6480.416116456644,0.5140819207661853,52387.17664658286
1287.8061793328552,5,38,20.477839024806578,6263.242451941489,0.7793651703351198,214007.50407219215
1673.7159243034198,5,48,21.86599467935838,6940.250485542195,0.5224968088905885,266308.8822808491
1176.1084090175752,2,63,6.631117653213022,6279.7319309504255,0.6410248576353547,151755.18362014758
2616.2056519658177,1,61,31.57550698888486,4214.701457856732,0.7863316553950405,360294.1877554975
1084.9293110196836,4,53,17.356194855011893,7631.035238573947,0.4051080545878567,184653.46770095156
1579.9777566515081,5,8,20.503124612591723,7227.190929372276,0.002708149820452088,292510.3408024892
1865.3702886430456,2,36,31.618810849732597,2839.7244129632854,0.8499464959451885,248333.6581427712
2520.6366445330577,5,48,24.35497060309812,5018.699572686484,0.3808903626246626,412756.37016125687
1082.0689244102803,4,40,8.84285037026403,7563.540693739211,0.49604272601658306,207868.68014519318
2381.58187607748,4,16,24.019073706884818,3259.6071802832494,0.007766642153968717,408514.7609026544
1805.1165305097936,3,20,16.897681461206574,7415.350322851116,0.492092010350098,310339.86287966475
1309.2456744760245,2,50,19.311496139710645,5788.166196518624,0.9864874015717295,153864.20177890142
2031.0517371316355,4,58,2.1041397017040437,8010.423855500986,0.27826766081876964,371744.5397688988
1899.529847786735,3,38,9.191144631134982,5998.279816386805,0.3954182702423781,286711.84853917145
1499.8915614206026,3,54,11.960485173860102,4916.898010506558,0.6871899964686766,242291.8340714819
1834.9010424950095,5,40,28.805440306493423,6462.128491138711,0.8147936675236587,300818.8613009879
1607.3432015691199,5,38,1.448206458626497,5954.421765735021,0.4173916240061003,303519.39128313167
1856.758672625624,3,12,16.94231318793615,4783.723298788979,0.30966887040129254,330846.1620735896
2131.0653372605234,5,63,37.03704794660358,9327.51522451708,0.9378257999850671,298681.7757338509
2593.008408072676,4,10,5.36334404541583,4543.352727623528,0.6771449666716692,458988.50565969694
1181.0922505865756,1,18,21.14055114052583,2635.5669374103086,0.11902130449314108,212611.95648760206
2866.5166873281332,4,10,31.674372913243033,8372.54845218224,0.06892787813464862,463300.6757619737
823.9561002387491,3,76,37.758720993284555,5124.654791526111,0.48354985079036905,95377.44478427275
1724.1074524822084,3,45,30.124288941815003,5554.840108551457,0.22009006604727244,295784.6227430558
2094.1586032422883,4,44,29.10205639713184,5463.140903056448,0.2539847533762535,333868.75034615805
1940.4959338675162,5,0,33.23303551763473,5145.522848762511,0.8776921788278482,315123.03264793666
1488.6502400897032,5,39,18.401847618124204,4850.711293104831,0.08956602431631067,316773.8632247002
1695.9388748213623,3,18,32.42793677209549,4504.7740462545535,0.7153641152288897,260671.6754815987
1553.4995326705837,2,75,1.3106117850725938,6097.139642556848,0.27114225338058806,249749.6219827323
1505.3176215278943,5,71,37.05788115969539,5397.018663486548,0.7603282214041377,206442.49636516217
2224.8010485105124,4,71,18.288953871169838,7095.54328550092,0.7224113844635446,340962.73805890325
1978.5077429825237,5,60,22.581827326764156,6724.041077424231,0.007391901444293025,321352.2466597723
1453.545202369673,4,11,10.94040770768041,4608.731709711894,0.5091354129215991,280564.3870397896
2249.799937716625,3,60,29.958702480776434,6162.781914108535,0.13931948237804637,351721.59116194013
1953.6497604383046,5,32,3.9887964525347037,5373.24251381797,0.8662270305786768,338755.9230725242
2206.43105941948,4,44,35.03279629932658,4512.509336049501,0.8715858828624066,307693.027107625
2114.8144209618063,3,68,33.296556331247366,7034.147355772699,0.41834580749375805,288553.5596247595
1385.502494538964,2,7,9.42634453354589,5818.012081037453,0.44439561845108055,234434.55662938458
1519.9094799015152,4,24,32.56365153312523,5388.674969744281,0.3032829394045271,237963.01720586082
2173.646802561631,2,45,31.667951589397777,4716.6491453650815,0.716606298960031,286008.60384927527
2105.1851327167324,2,29,25.656447312404012,4458.094858389992,0.3586613630264591,322238.9972915295
1789.549203017926,1,46,15.567286899087813,8983.152035871819,0.26779247452263377,294936.8930542371
1858.663691654391,5,48,11.588451413092846,6501.177974444995,0.43223105950450824,352126.5827298635
2438.8324478942122,4,46,10.03956002128465,4363.306444195775,0.09148751838745872,411091.2868328099
1504.214305582085,2,17,13.42574954778068,6431.79884748422,0.7466032046442038,261488.4180998582
2073.548690585019,1,65,36.23877929386868,7593.024265193307,0.012596401271786961,284350.1672573367
1698.903673783053,3,67,4.02799026356247,6251.276418795063,0.6444850615205939,226492.78755995337
1691.15939838639,4,32,33.325979773865384,8061.032013199687,0.18286452675487241,255763.25008370812
2349.388425993595,2,35,14.606712926631118,3685.7802868950494,0.23240404621441313,388122.91951974505
2212.708174494015,5,18,21.34237644444297,3013.016928929684,0.6356319986400399,389619.43884448754
2206.754818000319,1,27,31.984939712291137,6390.77613278063,0.9929434657829072,321141.2219260846
2452.7394035771645,2,39,35.49068533389588,6414.744215060825,0.7777174890725507,339416.6066044082
1810.5019208163794,5,75,14.446475382833233,990.7497326186367,0.22583963222339198,245215.1963347231
2140.976485647482,2,14,19.011895769729303,5064.635863196977,0.1760247550411338,335706.65855410486
1644.866621703272,4,40,17.1661265278549,4487.006528424818,0.8662328702676704,244457.67349958475
1962.083176244221,4,38,1.5167903066525112,3912.0806389452655,0.4441839479215043,358711.3053987141
1734.9284728161576,4,1,12.541772665487608,4483.437353085284,0.13705280282815546,328334.48061718623
1848.497982496359,1,62,18.908380115569912,6893.68170239904,0.8622114233219381,281041.1580688473
2097.5785127184568,4,28,17.03265074633715,4473.892468065437,0.8160923529142614,370505.58189418097
1390.8896583832638,5,73,29.155239873111498,4525.316798127238,0.9839063638971636,219508.00055157917
2846.19363784273,2,65,16.007341071623024,3571.7920367134816,0.9097436867126839,382439.0476681569
1296.991309250149,3,50,20.08568150985614,7903.364463773739,0.8517903386605417,204491.01713330083
1192.9056936061338,5,74,17.75473509316217,6651.948548205952,0.05257439781100315,195279.9347845012
2379.055436750034,5,76,29.884419806880448,2261.4656956456483,0.10441536949811803,359179.592473198
2195.831346981468,4,9,34.65592356049154,4526.63988116522,0.5689831943041228,336062.3257848105
2112.0599085260774,1,13,21.74367408129305,6792.776826592389,0.5314792462818209,355957.7787727313
2114.17275463214,2,50,31.787855573612454,7922.088823474255,0.4579632144895355,285810.78004258696
1793.8766135765427,1,72,12.574680598774172,7261.258139049985,0.3967893254145842,216293.52716056062
1351.3728142570842,2,38,22.11341479613348,5466.475634613172,0.4312104848643289,247808.05298252212
1837.9022790968631,2,27,14.463968193128926,3102.9347088104423,0.5692979341347952,300366.25455977174
1461.4191442439442,1,2,17.153836097301383,7305.373490866966,0.002076517600081207,245048.0336560085
2287.5598667088757,5,69,29.564140727694074,5554.654723019244,0.2607087741328522,343630.3928354604
1726.4713092489308,2,26,35.3848368109758,6103.293021922605,0.5182797206887111,240214.4936997221
1387.2514016037442,1,1,5.738320252422851,5733.869342687255,0.7222160986736462,248596.31452318127
1639.3070791735033,2,37,25.75093100300784,3966.705750635598,0.17415669239539633,266433.9928192195
2006.465727137812,3,2,23.70360849553414,6546.375318334483,0.546881173787433,353416.34360848926
1518.1377235980126,5,15,5.618186527861344,6339.68854667017,0.7144596838857817,303613.54573484696
1388.8898022167843,4,39,9.263878887164253,5361.316735627803,0.4446276579139047,250726.5180017999
1921.8436057459562,2,1,13.12909729457453,6706.65869979373,0.02708113367005105,371957.1934600778
1922.4832855543614,3,40,7.510311761882558,3939.000678865041,0.4492681584656367,280997.81742735347
1546.5284123144352,4,11,10.50544981844933,5596.495836175337,0.2964448877441531,284742.0782943086
1564.4808471908386,4,34,11.436431155606593,6039.191209403683,0.9296496077013283,244933.11786786004
1916.0249686788181,2,64,14.091279488523325,3397.6085517974066,0.12461338567832736,308248.79706234054
1075.957829251338,1,54,30.2262276592452,5914.35508374592,0.6524759555072321,110326.91208753834
1096.2681128117224,2,44,23.304575950173426,7100.467720021944,0.05271976633450115,151183.5876006981
1440.777889373782,3,78,39.46362020610466,5545.153613935699,0.4461704378126965,183212.9981127395
1693.2764241440764,4,61,17.17469725173137,5948.827646228483,0.5539794872200806,246532.73680167441
1955.4537827990023,2,48,30.400737879640076,6843.516058851251,0.29795493131686546,277050.8151284196
2537.678108474776,1,24,34.98726843368482,5418.299836700591,0.45507563552038444,413778.02224611276
2228.8298116010096,2,22,27.480161228483635,5553.303900683567,0.16355379453018737,367446.994942957
1720.0307350182864,5,23,17.062724876282342,4234.944728201299,0.30412384946803617,309135.88476238743
1790.4918960486557,1,37,30.390190599084367,5977.594834018852,0.621106324910203,244287.93591051977
1298.7353176810957,3,27,8.94301837313471,5497.727274592829,0.3018000558611551,259886.97469024276
1790.743432003805,4,20,13.774534442025164,6748.6346925799835,0.8997430784088717,321712.09877251944
1655.6706805399308,2,53,22.32072494887226,6845.189931274858,0.6284069576409897,238819.67558001998
1961.3592801690447,1,17,23.440966104159784,7186.813558519321,0.4386490184359845,308727.7982778646
1386.3845282238385,5,35,1.8635175434325488,5237.609473657303,0.03875693555418247,256877.9441903566
2059.673257120586,1,44,37.85945336148434,2735.128371563826,0.49954833520467123,233645.40421147022
2566.369456501289,5,72,28.16846357747821,7112.4596196971615,0.7647762421250892,372847.9095691475
1745.6199257715712,3,52,20.332446259043753,6646.681446146114,0.26555759801241363,262405.250722167
2000.8558610494706,4,29,37.391962141924026,5047.062592970865,0.8067735696487673,308452.93472782057
2145.0719958555565,3,59,18.12472704478231,6832.410299351006,0.2518067660508815,337427.9213044481
1599.389764057082,2,31,39.2369872405445,3827.1152962256374,0.8237463879508005,193739.33483178524
1912.0462409052084,1,66,20.979105532495918,7545.360319305412,0.0852683416116774,278334.917417225
1806.2962003908974,5,66,5.4571450299211985,5499.563172308925,0.8661837088690295,286607.6718812013
1848.8380492744159,5,27,30.827237925911813,4756.608580492657,0.4991864509333305,345354.5016955607
1413.4951080722667,1,43,27.477011278035782,5067.447665641668,0.296537589620262,205372.36291572094
1812.2550871294713,1,78,31.146482130917885,5652.772520999682,0.26511325041514877,194858.54766193024
2048.999145622725,2,40,38.10623912030156,5981.981890050805,0.43201055893036266,323604.46217953874
2525.571803897521,3,62,31.283082803389707,6072.42042059911,0.999049498103645,331821.5221984875
2279.6354130426034,5,22,24.84212748644923,5355.588834062814,0.22032739343758256,371688.7367761114
2876.5912287557785,2,74,34.435047192072794,6300.359360192218,0.10321664887899962,443014.0658301424
1416.3262185559752,3,47,27.25661113482673,6012.418911500151,0.5850351687186619,215354.53199850788
2236.1603183603393,2,31,16.916643216211,5028.640506638401,0.4885424664402571,364665.41009391315
1891.671002869176,5,56,35.53917080542916,4802.714063368104,0.5241962710633074,294182.6365345127
2894.901466608836,1,32,9.654117970590542,6912.548314342256,0.6669354175572171,443851.2828126515
1395.8508573224242,1,23,28.871009721440245,6786.489053996858,0.2671440698706493,201781.6646243511
1380.139078909612,3,38,35.38097474268952,6085.704532741895,0.9106649953838885,180215.70982761984
1500.303677277989,4,33,29.521344268428553,7386.293198985302,0.43567206612229037,278243.2851882381
738.0521378450965,3,55,28.19374134310042,3058.0085157485482,0.12908619514246178,110736.39090347325
1537.1224891596194,4,27,30.352893468801604,5153.408037739945,0.7422987567339443,267735.18733852485
1420.433669223151,2,36,19.137154683725132,4265.5243314980335,0.6431043526178503,213268.3338977755
1875.1968932381037,2,6,35.092656604124016,9384.408397706777,0.3157434024840371,288029.3922535471
1970.8779878885798,5,67,8.934022530307557,7069.82973059398,0.6215187240340485,295280.432650631
2738.085419607943,4,36,5.968070224013232,5881.407024512586,0.21986195636897687,481087.72666620836
2275.2119190930252,5,55,12.13484242462195,7177.485868269235,0.44483935934052954,413971.2767515829
1511.5481721687984,1,64,21.731518474224732,7674.4134956326725,0.8994125221673253,173581.93927529827
1350.792664325821,4,64,20.911910020964186,7658.447537286106,0.13353423316074942,231629.35406993702
2045.959585753253,3,46,33.00335154938688,7382.55522765053,0.386696449987462,276240.8131809698
1139.883396489679,1,19,16.77817759975668,5606.189515076908,0.8211424247203473,166079.4158211224
2715.7293829271766,1,18,19.889432625368837,5247.951870774072,0.9694908994061782,409895.170967877
2389.7200603606434,3,28,1.5213396471164298,4556.716230028973,0.4539261364217959,374705.76623741793
1565.4121739476477,1,73,16.979830221274625,6753.670900093511,0.5069996201433474,208878.96890153416
943.4327354545612,4,59,26.26319508506334,5761.596397006828,0.5721719617837697,122544.14216274684
2476.9361870827065,5,17,1.604824894437095,5372.2934542242065,0.9323481416337108,450402.51789495285
1742.730077373691,1,34,11.954396642263507,5294.0079574082965,0.8582067909770298,257811.7159850935
2418.908155986731,4,42,9.110298012286208,8175.288945952032,0.17060112462164434,435592.1009221867
1002.7861706028165,2,10,2.637431727473941,7429.020619262506,0.436757817847075,204625.11896742802
1500.3124885231136,4,48,19.69114350666696,8745.590784192249,0.4640004281964263,223433.73634436817
1802.6218498590915,5,37,8.087208435898104,6793.5244498381635,0.7890961116487567,288837.4287545048
1823.490296882371,4,63,29.980180045623825,6085.431660382347,0.6028928826054353,224057.16123536217
1574.9672642603782,3,68,34.06918746677059,5961.896323882613,0.654220462029013,215697.64387799543
2111.4249661737495,5,7,22.277822124096765,4469.547679107791,0.9981999076656176,407844.7282535442
1266.1897853087028,2,33,39.28658635832452,4107.871512372899,0.07496004347001306,189270.2927231667
1728.8102574893533,3,47,18.56866428735322,6761.011532839312,0.223009823533733,314141.2081921266
1860.1478158559494,4,55,21.021360198771706,4597.981934275118,0.40789593737154684,313120.6836434191
2057.2194170293747,5,75,39.57949240435226,6317.186630800854,0.3477824030488872,281047.8549205312
2155.807439044445,2,64,10.030389002636904,7673.200024642818,0.02164556134698359,367128.88518140005
1237.6789540810655,3,30,37.7592916473993,5001.819100453655,0.09177760647117583,182691.7218175826
1032.9429146321888,2,3,2.6706646496454165,9015.722451887366,0.6809532914035762,206964.12899126048
2438.8384109492545,4,49,18.409088720264595,4513.957318583851,0.8793244633625606,367488.46277955594
1966.1570059897958,2,68,3.7301369731895653,7485.292134734769,0.5142270112659776,301248.1589236327
1425.756731721723,1,29,29.440154973632076,6637.134271698544,0.539191079513633,216829.20271952142
2575.5759877612613,3,58,24.727948499320693,7791.142874919227,0.2550934328323794,377356.2234622591
1857.8373171464293,2,66,28.55873627523626,4325.703582960466,0.7678763636337114,256434.6649876791
2389.6485920319133,4,74,15.604735598752661,9460.531375430415,0.7517945873672564,379702.2921971305
1833.7592407050545,4,44,15.409795427223832,5731.837374325642,0.5883656892176566,307421.16768593376
2830.3739624409936,2,3,2.7674518794748897,7014.971908948923,0.21266428651134284,534447.1699416431
2677.6704212216023,4,25,14.647852641655952,8166.731233419751,0.09701821823708945,488849.5531136494
1675.5179257604632,5,26,37.24224768822032,5093.006898757177,0.06423857585712589,304317.7596575489
2285.785475477178,5,45,15.789834950037509,7238.589544420768,0.5926960666428778,381202.4334769406
2122.6879747925736,5,63,33.42334054265683,4842.795532167761,0.8250353191428,309838.0396512389
2484.3157787661744,1,50,33.850694685247426,8095.442370686758,0.8583304317809248,342788.4438367559
1317.5382697099478,2,49,15.556405098790119,4859.7289031569,0.4636220743434498,201171.7558548694
2143.0257299992195,1,5,25.647558535451374,6057.760473743639,0.7842712993067169,320058.5144588222
2329.212243424794,4,58,4.719492488649287,6459.18105151794,0.9468801963410236,322300.29913602414
920.6302567884428,1,14,5.043464648636784,7176.449654583923,0.275170112488068,199782.44566233354
1208.3707436671125,4,29,2.897648882806819,8952.714462639819,0.39796034638075717,270504.70109738066
780.3839111199497,4,41,23.65958864162927,5322.046515578266,0.9314789925966807,98245.54983566795
1665.2965827777211,3,36,17.616768127417785,7708.10216141041,0.33823096731728486,291941.98352324363
2158.7711278979814,5,41,22.373261909905363,8955.387672951205,0.9138762903217963,336119.72938973724
2551.178526048014,4,34,21.321854429827127,6248.600041297376,0.9810448622544657,389229.26782928075
1837.0473902098877,3,5,14.65791665253848,5174.8008748195625,0.6618107285744247,346280.72399234894
2614.307772785646,5,67,27.42146317811544,3404.9493908470627,0.8168902895041683,359904.4734429626
1109.9492708925543,4,17,30.581573355739238,8824.913651116593,0.7495455642210852,172340.5352020105
948.3087803224226,4,72,1.5705020962293528,5633.3335051134545,0.6995342576155238,198667.8904986605
1772.2261505516906,1,28,9.082449690986254,4497.962251154173,0.30693107298123257,286687.1063884179
1992.0327244696537,1,76,28.816198855250136,3962.504873685356,0.057094337907943715,285923.7018623266
1783.6526259529535,5,58,16.078186732719534,4495.178714414938,0.3430517325196506,263755.3620105254
766.2789499800617,4,46,26.836873930722717,7379.557939840748,0.6669359852039066,92265.50253267241
1755.4399802436058,2,16,14.531543729647778,7586.802791512107,0.10252919822780138,292557.52076669096
1147.7652497475733,1,21,16.239450940855846,6978.182807183304,0.011917982978242092,194975.2216452178
2134.836274415019,5,67,7.188476073897712,6198.506741030047,0.13969237260293865,335983.237422316
1983.299123048424,4,68,11.071009766980241,4131.7191157479965,0.7157359264107953,310665.64377456537
1330.0601068363223,4,36,24.611058542795902,4905.088581146929,0.972793701656444,213110.6776969907
1543.0665413316533,2,48,17.893361341291488,4340.070883978087,0.9830646996148205,197445.28241055156
1270.3932390555242,5,12,31.197804634839212,6859.231508289397,0.4939791491401879,216689.39346062692
1768.660451363414,4,33,34.25081324259537,4405.031281707444,0.8693523009923474,246516.71269723226
2277.571160250619,1,52,22.124210310453634,4928.630833419611,0.7368264557515041,291304.1105883457
1307.1369768322281,2,50,30.572424390186306,5724.76913550224,0.5010402369846034,118719.08710146276
2052.023257758922,5,2,12.96927601458823,3495.2997703554793,0.5727605329550868,374856.5520711171
1534.8711908137795,2,41,17.18387740060305,6070.15714626127,0.13722714661687108,241069.60856115923
1403.563583868828,1,31,28.798329372456408,5839.2706784466955,0.9376614606165921,179522.82416350374
1746.4848200227211,5,50,16.062267719864195,7776.313718942536,0.3519297707317768,282637.98531936825
1282.378838790313,2,45,23.951692471200566,4770.201682449372,0.4461492564571695,202795.16276593515
1523.1753473264089,3,20,8.229538384217948,4051.206722531497,0.6716602309978987,316592.43282610213
1201.061053705576,1,43,24.39108128384942,5438.910525613072,0.33390247152655395,153351.58591506866
2782.3625664581946,1,10,34.59903458184885,4352.863059845976,0.25425916098893053,446527.7071654269
1817.6317759858644,1,67,34.8769459531136,6058.731887719687,0.6310493932702206,227248.32568848782
1450.1372460037073,3,0,29.249431846852048,3210.097707260091,0.02498408228184945,260025.50991199142
1906.989955367111,3,62,30.084381783968915,5091.981894934078,0.7207251120266789,253001.67632692447
1743.8359751545852,4,23,22.759170360877327,4607.44249526667,0.5140233698765098,291166.48722142994
1689.5152002333884,2,12,23.802055516467167,6851.635615629103,0.6057537305209344,296646.6698699103
2107.0833500217127,4,10,6.212372675010202,4784.152935561952,0.6318801592468851,356594.2253653287
2178.7538550236527,2,50,18.310508348430744,3395.8563621022513,0.5270501564925637,314827.3891373004
1534.7494261947363,3,16,18.580275071568188,5697.2698545981775,0.582533777440736,288440.5318642825
1512.09087967766,3,23,38.381415591041865,6479.829210411764,0.6837882008898746,242961.81482977344
1662.474151424178,4,18,17.812387642308288,5593.192210108911,0.7531188471796741,264393.64147598704
649.0394176322077,5,36,22.424363151207547,5083.0158311713385,0.7274523912861205,119609.99028615799
1042.4044689007237,4,7,21.796804571884998,4992.656849123606,0.8696164577322617,206522.440400241
2483.4371337222624,2,27,25.83370696472876,6169.422048663051,0.18944343316740275,402089.11309997214
2622.4838567506417,4,4,30.18108042194394,4665.826876140678,0.40114796949179754,451700.8629720735
1675.4819802218108,1,16,9.776633170664013,5507.275542884199,0.9477960660144571,274123.7341459563
2088.2784815278833,2,35,21.620252344838992,7125.66985633106,0.3965905743863297,336204.07915291184
1955.625077271768,2,18,33.210790585325185,4048.0153816415323,0.12487007690592267,310333.432607426
3339.440404227619,5,63,19.06147383966295,5934.499470389592,0.5254451263621795,549624.15657512
2359.787455717288,3,10,11.859844308569347,3316.515880804493,0.10949097255446216,403090.4308910899
1736.0412042596167,2,53,26.533653938895664,6341.89450501493,0.2028532387278652,255767.71483769725
1322.229779699787,3,44,33.1269284361658,4531.786183801409,0.9983187565709567,152258.70732483928
996.7768398712137,4,46,3.4624714241682613,7529.387719546193,0.541362638396132,172100.27979554984
1901.7318179336116,1,11,31.294828852881857,3784.5790355319764,0.284058389040429,295064.06983173767
1421.8246273578484,5,20,33.044269385509075,6663.118555201512,0.9947749545739061,216706.55317976247
1088.873145201163,3,10,18.999394175955665,7831.69661778974,0.9665589185551432,192344.79413721903
1476.7135578787368,2,4,39.34892061592023,4453.965897869297,0.44073904108426354,257324.39953162504
1259.2259981928025,3,55,31.681625287585057,4707.172606507591,0.2604031087879084,210162.46779437712
2643.5708175362824,2,19,31.172840030930963,4583.706533435104,0.83839963809219,433072.6820819164
2240.819878474725,3,40,30.1657044020708,5271.205967393544,0.7156207169717858,360701.2657617185
1796.0136793416914,2,45,6.873716025512686,6776.1326987841985,0.6869414350035103,334095.86404615757
2539.972069445013,4,11,9.472004571667421,5148.742599169314,0.8931137413224726,440222.46987416653
1838.684153823809,2,69,19.095615127112577,4318.562662190465,0.6894171338713246,231853.40003825203
1369.3578993358683,2,16,11.296169648419168,2971.8694401250646,0.28379794304154915,223081.37962704554
2561.5620386348287,1,18,17.194397921027576,8402.921259768595,0.6938631618757323,427959.26872577856
2069.455021842329,2,25,35.650100286993904,8520.74344562197,0.30581351128366396,315842.71445480094
1281.3769228367719,1,47,33.1487487832915,6840.355559232685,0.759238979656995,158309.58729625438
1704.830660958196,5,51,25.571555260719308,4784.424458362522,0.619747854491566,256562.25777555225
1362.1908733076214,1,69,34.46669537579304,7121.55317269747,0.07741155198475058,160765.86892532045
1108.600134517832,4,54,31.56712317167272,7423.0603762395995,0.512835362435142,172875.58109512916
2263.088773765821,1,74,17.73041234179473,5618.627802880899,0.34330096919574093,293501.4542795899
2754.708320235065,5,32,8.841540929947861,6062.052815998336,0.32857063273229425,481753.6926065277
1100.7162130904294,4,61,21.05384056036423,7847.652344234239,0.6022563023772572,202575.89064287147
2081.4846183452855,3,22,29.712926418613456,3539.3079644153872,0.3223248244694249,284789.45748544426
1474.6787154390865,3,14,18.020364350454127,7497.634234683261,0.7768937482048727,223833.47925185986
1556.437308117652,1,26,27.004104481571993,5536.269282965231,0.07079143601117444,254620.43421094623
1503.8030378805654,1,74,4.678769625350702,4331.132546983425,0.6603882523958254,235482.27623936813
1368.004615160092,5,63,30.172184718484733,4454.540290058492,0.8091948036567412,184377.79706390778
1824.2608139724134,5,50,32.69583117582942,4702.916798221368,0.6728316899204301,233851.44593005689
1384.524941794481,2,52,28.566676375441105,4184.893919848195,0.49722919501999574,215320.12217392208
1935.2284128899194,5,77,38.72327991352826,8657.083461583523,0.9503070137361812,243182.99553598664
1774.8809452754315,2,50,33.23943024096498,6736.8044077515015,0.2999384897980636,243623.5236928761
1680.5259765667952,4,46,36.22065538718499,7596.724130412853,0.019167887524977778,271947.22248571366
1346.218168979201,1,3,37.409272254848275,6843.552437425017,0.43198937146344085,190817.57325733942
1511.6143347158336,4,6,32.252571683078536,6091.84141270526,0.03301193590032725,257234.02288801406
2177.695612912878,5,34,27.296094838253467,6112.132985048448,0.9539367525264087,324960.35922257445
2050.4585938121904,4,47,1.2230246730707823,5403.731041635207,0.2099180457480515,399802.7439916049
1311.2223776007245,4,72,19.167204375701864,5526.326435339744,0.7889270239488795,210909.66399727462
1849.666152714613,4,71,23.27532964627208,3887.8449392806624,0.7745720831743649,271765.8026334579
2175.6935616858946,5,44,12.857180625471985,7622.739226560395,0.21772889968293352,336853.2102626176
965.2973594393142,4,71,13.406073429235411,3280.150070995432,0.6212265304801673,157372.83590074157
2071.6800961899676,2,18,38.48521721269644,4412.084114206202,0.04807896848645021,326489.99195145874
1468.6881205270765,5,62,35.77672374290709,9018.051196440916,0.48357458570386747,195004.33448276334
2085.2993342965797,4,37,34.11798121456646,6204.25932459724,0.014647127272486737,339161.23582313384
1418.3704217287416,5,66,16.834460266538315,6266.565667545298,0.9211438801808418,240632.5377143429
897.5589496677405,3,58,1.5342434659476671,6956.007821651594,0.9760860241995717,161949.2305404311
986.2287810584187,2,68,4.128667611772849,3689.4937603179064,0.22228276663858526,144448.4322285773
1824.0424733306909,4,12,13.175658360486542,3909.309950294965,0.20810603459637278,336083.615183252
1929.861250860741,3,46,1.6139736068314023,5332.65848017673,0.7537201765621296,332919.07750637765
1347.8416874477957,3,60,1.6688414946927264,4644.958563678465,0.25337939882933447,234550.56672196015
2119.296229388687,5,30,36.74752876405403,5887.5660524858995,0.895076559161845,348781.67437447637
969.23996886552,3,79,28.540181582643108,6728.323942953204,0.5739291361229822,123528.12789488243
1766.9601006763417,2,21,13.049283612657954,8083.744571805893,0.3507776230103121,319372.70344152336
1194.4919001187718,2,42,6.173138526437174,7216.632509684387,0.8326937463494201,212194.54279688137
1474.0819460989205,1,66,20.953792997908007,4508.584932466569,0.4934067004133952,169762.9172043901
1823.699335658207,2,53,1.208500273320214,5437.553883078311,0.9116329137084755,283867.9910007866
1369.7933173580238,3,9,37.59813601046762,5029.582243125578,0.928014236729381,197443.4415019926
1607.7222278850872,2,41,17.17778965616894,4475.1586814814755,0.16542015212840933,277456.28239376197
2303.14640460722,5,63,16.69106325425598,4133.737330983251,0.0023234061319302723,387497.79922178807
1511.5540652384257,1,20,16.233150695689506,8496.46858158681,0.9839309401424022,230094.14345901934
2217.846056032571,3,79,3.7038048851228256,6015.963364848975,0.9061375361274794,303131.9736542218
1235.1465726711908,1,75,25.894567351881236,5663.654690092878,0.05544523570384141,124155.92053951646
2064.9020889576414,3,65,29.58714116550578,6726.3863498914525,0.8330342639410699,288023.1987758374
2520.78431032895,5,40,27.36889050594332,6800.6191556123595,0.4578049325592066,390587.1475802069
564.1777499363554,1,23,6.398984239846378,7678.238480559632,0.2589616050249752,137538.3443029984
1401.5523722647617,4,34,23.57476655338811,4884.507579949852,0.8787465236769298,188214.52015769936
2088.53606359027,3,55,23.2098948827179,6604.0833253092305,0.19666723239030726,353632.7408575507
1698.4773069785037,4,29,34.8680207297139,4633.239035473757,0.9472999994200669,263394.32483918377
1985.5729366856544,1,56,15.785978676650233,5714.763084391908,0.20562148769934108,296601.555825231
1498.0074066420898,4,46,15.487951802717934,6085.1138507430815,0.6136831877287435,282090.0940899151
1843.29489373645,4,34,25.122555290009238,6231.725993578591,0.22308633452897486,326349.62176116434
1722.1613823039602,1,18,25.689833486481007,6165.4816587707855,0.5456686649686348,251850.29571201422
2383.8910308299037,5,7,19.302123865705823,7202.746473817379,0.6839751299151413,418468.2340716739
1927.2104216506066,4,25,18.279315130886424,5104.517413536342,0.19022793082013756,296879.301457435
1968.8013310376011,4,70,20.271759154877426,6272.511409355207,0.5208857827006792,317114.81647199113
1594.0615169387663,5,29,34.58076668062916,4861.6427407194005,0.469059744390119,253770.537109772
1556.1968879637532,4,6,18.98550914890249,10381.128848828823,0.07103742140334124,269237.907621987
1583.7209060901896,4,66,37.657339886823074,4630.703523354556,0.8183078176753029,179347.527211564
1997.2260711891483,4,64,20.656146780256716,4949.021018483168,0.3356824006428417,324645.5014946565
1589.5077595898686,2,35,38.018827034054766,7323.972115519679,0.5745821975518796,253084.45599260417
1944.8874284482065,5,24,33.480444172893954,5355.8022847482625,0.5147842349331344,317989.03590775427
2837.7003993227195,4,36,15.134821582017334,7324.569191551544,0.5132605045704423,443763.1239315138
2235.562351715846,5,0,34.68201543056802,6229.5338905888275,0.10722239420848745,364138.73177286587
1636.9882339160795,3,14,5.292468083843493,5395.216100169315,0.42348200924933277,332787.79724732746
2400.6069610819723,3,36,37.076839838377566,4870.866976312834,0.4523667592065702,360835.8711501026
1595.9623134892242,4,12,25.634097088232775,4816.74515754469,0.7336428403644485,262364.6140822954
780.9377324110731,5,7,3.121239192370136,5411.518496230887,0.8400188319206985,181115.83738643577
1295.9568445412979,5,4,26.12601222238165,5738.4055224828035,0.544982278100018,260568.44380425985
864.6040394870722,5,59,38.99565851164549,4752.178134864189,0.08678295406499048,143784.3556847985
1624.2432579793456,2,72,3.722225529970528,5836.151354720183,0.23684947059654626,237088.28072437108
1809.2091895947758,3,0,22.632820681423365,4358.827060997988,0.16493402685273106,298354.3309154765
2638.218656137641,5,35,30.163979640615523,7133.851824894527,0.12461506318912474,411178.02679956827
1963.4636868820812,5,34,32.60008488128172,7421.043599189947,0.36589929861780757,312920.0423407481
1690.449735595568,2,65,17.13927114751104,4943.512214687204,0.22939350215438203,235068.0639111565
2214.702790591745,2,62,8.962495807561478,4859.74041732717,0.2183031118115123,374693.9027211198
694.4323454960575,5,22,2.6513488721229694,6266.875210514809,0.054693174576267656,183405.171254777
1917.807279054283,1,8,23.609320126791765,7898.049139547347,0.01767004479543388,296129.7796441919
2185.4325969434835,5,33,18.66353174043682,8229.99549637976,0.1027682426497818,362926.5868261428
1060.7068771100792,5,45,38.00103141083873,3895.885915145599,0.17219747942363306,165050.89987700406
2371.8770216034645,2,77,3.3635914008814813,7509.457244477286,0.43098372884820313,324783.0863031291
1969.248203747207,2,3,27.730418394394224,5907.669993097208,0.5105202612988446,316688.9208404709
1592.3560430495993,5,29,1.9736826626822297,5936.7154493091975,0.14059191817336558,293624.3658072027
2116.3909330531424,5,74,7.6859328917111664,6757.068548475841,0.4247833415241863,370672.5848064647
2935.3464289021977,5,71,18.689580996990532,5278.563794375828,0.3417488423259273,458103.50214365666
1890.9331275292475,2,2,18.74002526931186,7645.050948162458,0.18342364349795603,376137.7958474544
1924.110293150168,5,13,27.742321174412112,8135.94340765471,0.006840748148363551,348105.7149917214
1570.319550229878,5,59,36.49830835984251,8191.926416302855,0.4670178665217417,173338.9101522663
1375.0778152676041,4,76,25.922254197681912,3234.12781760208,0.6856517492651993,211630.61815799001
2215.167908272123,1,44,38.18786881620884,5655.514096907355,0.22627733414380702,314354.5543555471
1371.9580870455663,3,33,35.38300995524191,3097.1541227883636,0.13180682989667936,221697.45905186186
1835.7831186096962,1,44,23.79549202570082,4852.079907084987,0.8870427444469619,227515.43543878337
1561.1712766174417,4,60,33.51788608583426,2403.751693305513,0.2750247724877978,221598.66146393414
2039.4899128731959,3,15,26.060526802621727,6675.39995195923,0.22361261979266478,345204.3355398985
1966.831052643474,5,65,4.063755406025359,6328.964453370261,0.8570969396099158,319117.6331538041
2318.7699721289496,4,39,29.88202420712089,5351.098340164851,0.8171070991667613,313294.1867089185
1544.9918005726265,5,16,4.701429209426502,4813.277834174548,0.4483464705246336,363446.6287895453
1665.0625323533143,2,33,24.169228442218785,6471.047436530505,0.4892388614277745,272087.05097646127
1310.6181421088463,4,15,28.402968028470923,4482.866892943355,0.21774870483402198,242833.22285489453
1577.8533699619443,2,59,3.5945767202233543,4380.80682784901,0.0783016704795575,286776.41637554753
1988.6502465224262,4,65,10.000991503134738,4196.375697097937,0.5734318253556611,325369.69057796465
2178.494308322676,4,65,36.71121705820434,5694.238603892027,0.09834492159021313,304601.3926195785
1338.9173379111874,2,12,25.036265197082958,5126.538645700856,0.4492745469566498,245453.69893010968
2234.8029600528303,3,55,10.605154733610732,5423.642972304494,0.9404971985130107,354989.4020282874
2477.8189294024755,1,30,27.93651107477226,6782.713110028098,0.9528343891705844,337962.7509968704
2006.7174516118505,5,33,24.274280378505896,7444.9449072892485,0.2393322865473586,361706.41175787733
2738.397906279033,4,38,20.561452296799985,8175.7211773438285,0.6241134200456544,432334.14660645137
1413.1054004482135,5,66,39.07129202453527,6090.205466952439,0.47407626410785764,202686.55903707055
1177.6726483442915,2,7,27.654697318892847,6521.383653844155,0.875685127586106,198334.07409167412
910.6398755478607,5,77,15.642203277048594,6283.26953569637,0.27143086427605323,183326.24358581656
2548.0221557445916,2,54,32.20286385099785,3488.721451779145,0.003702406832416849,354645.47858123673
2127.182828177029,5,26,35.49874842392632,5445.454416043371,0.1625612059314151,358342.61785785435
1772.2076645447726,1,52,5.883601821156425,5452.352665889004,0.34952280116939805,316139.29277130123
1939.98431315991,1,38,8.821566135965394,5233.7807613455825,0.3157211297704886,304840.27547907585
1237.2554763508117,1,64,9.432853355983408,5938.591007071743,0.7913629191228859,172306.4714130952
3022.875989808413,1,16,27.957260566075075,5670.779170178507,0.6805606661388378,489904.85546790104
1864.6105909876137,1,29,24.51854264707805,4520.509854112413,0.29955631961489726,292517.65423628496
1854.6973973024465,1,52,25.140671023244938,5773.46106922942,0.4577438171662134,227228.60510074967
2162.883311949346,2,12,37.69015868789054,5041.424404372454,0.09555910395833522,319603.7814074736
2040.5046158683567,4,20,31.260549779484933,2071.1359096246615,0.8981464448201008,324174.33047298127
1911.9420121395656,5,18,5.989540055959544,3904.396619534305,0.9354248244485341,351613.1384004176
1404.762772277344,1,52,14.55277621458206,6133.371488719618,0.9798035353809381,193409.485770516
2035.7341785679978,2,18,17.980352200853687,7637.836971231164,0.8685528307858377,366433.17116613564
2741.012248237517,2,56,16.44250196115659,2359.1951134826027,0.17396088769622553,398837.90476680314
2472.7100230774886,2,24,27.103035757313286,4694.412549369514,0.046196483201628835,387566.60395970277
2596.5933133196986,4,30,35.78383102700594,6647.18075099214,0.579596727412674,358457.5059482852
1544.3921617844073,5,54,12.936007077388732,7317.2931956297525,0.9126050268831104,279524.44701236364
1305.1975898707096,4,22,22.52320832042624,5369.8296576359735,0.17735136165974286,223836.89844419513
1737.1065399501758,3,31,31.786967454629842,4975.826462368396,0.0070429146241418605,298968.63067261275
1827.8624561443473,2,61,17.232504294968624,7829.56612483529,0.8054960460322443,280065.4654766485
2347.0957592354744,3,73,7.556607007572538,7194.139058997853,0.076795684286734,421395.84613911156
953.7676851425903,1,9,19.523087645286182,7287.927597114023,0.4137060319100304,181730.70707101063
2564.7751597303068,1,71,3.1536783089781104,5297.903996263882,0.678887337188785,366293.2118865409
1720.9960507105052,4,53,37.7529547060888,7670.541356525518,0.23679758545618013,266429.58989675005
1586.55946502629,5,51,3.9180270026039485,3082.396900704433,0.0839625634467267,279767.7391914728
1293.9478123699164,3,19,18.09981189477255,7696.84513748852,0.7700212284558287,230418.71098480897
972.5716640671153,5,31,21.665369182452523,5900.201769837166,0.6301750848870414,177464.79671860414
2211.585291980957,4,13,39.426849459204135,6193.401286871722,0.9884904844868048,333522.83865403925
1836.658983594202,1,49,7.47485112207157,4582.121012883785,0.3443080333199593,265954.24212364043
1155.019550129473,5,27,5.462829225881984,3278.960477837774,0.0617623862901997,254172.65924282305
1152.4606139681919,5,52,1.3395397354391996,6161.556221687596,0.7343500353352957,236036.9943891077
1632.107650354936,1,23,7.0672860379027895,6827.0918243870965,0.5217334188532456,240775.46368612853
2634.5107626446966,3,78,9.083646183639036,7054.038577228148,0.21320393138913507,393091.2512687254
1670.2043243181977,1,21,25.5926567217406,6892.16789373688,0.7817289890047594,249035.07306605513
1048.428523440947,5,29,9.568564825264616,6552.242542580187,0.20375548584994374,179756.9189636389
1677.1284679570279,3,62,1.8003117744436832,4614.32034571056,0.2606616548329366,315482.88225258
1663.6382151261648,3,3,33.23811547459706,7151.214108780049,0.09252855436671914,274592.9143525266
451.5566785292142,1,76,15.258232339154704,4446.566478787007,0.39943227903085443,22194.56748212989
1772.8525667410938,5,58,14.794170776648624,7660.596354097702,0.41892922393741894,295943.0993111282
1684.532734895661,4,7,12.796682137549137,5874.02719679074,0.5145617903482984,316943.54448712245
2148.103182406709,5,11,39.03955780871041,5923.936170201774,0.7089642671237775,330305.6270155842
2724.4780474726726,2,30,7.634501275061978,7298.889927457652,0.9061009286804258,450242.980522589
2363.2825147738786,4,77,36.03128449417617,7502.202938301209,0.13773409888780863,347711.96417361015
1665.5556547225847,3,33,31.29532995345563,7155.958018425208,0.05434809834865706,252426.98849248787
1246.7370456291649,4,74,3.98271826447321,4769.313225666497,0.018531233594333285,210371.06655272044
3086.67990162493,3,75,39.4824349585331,7144.004325657828,0.14362137806881625,403422.3061873846
1829.609217007244,3,48,11.583272578021411,4777.815585044328,0.6579494857816259,263416.8023699976
1806.964645956473,4,78,4.844734153874081,7181.852102591489,0.7274770779964966,291668.9540921951
1787.9374564449984,3,56,33.343255130904616,3862.255205906603,0.7865057135281222,220967.7836549658
1899.0423803839274,3,25,28.560345813430295,5859.479907092453,0.24370821190434266,342509.24085548014
1727.8197940380287,2,17,25.07153342923813,4768.663290741493,0.3058948132615199,279744.6151516674
1513.1689965598819,5,37,7.083253684258393,7304.903478672039,0.48313464556549945,259809.76804589393
1526.570529379804,5,49,19.661348533982515,7672.75016113352,0.0631830968602265,250876.61830110586
1783.6233648920008,2,7,31.44168504860134,6298.494770687899,0.6111415232112462,300103.11489956506
1528.2876144331176,4,40,12.84133358760977,6249.163715906827,0.9837350336757578,249437.14615291238
1443.5771086614177,1,5,13.155903312086616,7056.265683721704,0.36080631137800256,275930.9498883388
1853.2151138459485,1,68,1.1224953358767626,7681.672319923677,0.7528474750913839,267346.6848586216
1672.5113912895724,1,43,7.795492664169802,6055.9667619932425,0.500033915569608,250689.74390400914
2551.9964942913443,2,63,35.140819379751534,5250.487012578029,0.12781184436038273,378743.81118910667
474.515095803494,2,28,18.228113173870575,6970.9012296607325,0.5822374488025863,70738.22606439024
2345.7534259612307,3,27,39.38514547014292,3211.908943359493,0.29987426844406495,358393.96818977455
2423.0425962488143,1,10,16.432610579377908,7364.477309338239,0.034403208453458234,400268.6597253007
763.3048837959252,4,64,28.892271736429407,4934.719575837432,0.6349297301177438,118353.34048040271
1628.6562029598256,4,18,11.994842673284436,5639.658200591327,0.8589323493247276,323787.19210620405
1614.2795670021042,1,8,15.188576004496406,7374.0769846774665,0.34476976689987415,269520.5783419095
1096.2441526410894,1,26,8.438313516044891,5376.735725415463,0.3902955472127705,179080.91488061476
1411.0916562045622,1,33,14.535432371476404,6971.113317862204,0.8910216829672115,223988.34380092492
1244.7120772670855,2,43,22.342263296405083,7708.363131111622,0.8136088133673559,158161.8066025964
2676.1352217118115,2,67,39.67914235819073,6165.049635071258,0.7149528235517771,381512.3934400755
2267.8391965737305,2,14,26.90386680979964,6467.1722337370675,0.24879706375314792,393010.9628273693
2435.7775474970795,5,50,8.770592221924248,5820.846189084421,0.9102166549666445,376563.5437376364
2160.8360320216175,4,12,2.753496222070494,6173.396995595581,0.154415757539213,376446.9853470136
1235.4741143913852,4,48,5.927902771265914,4325.392830074952,0.6267705194172218,194665.39002231782
1537.7398668601131,3,69,22.939652849648848,5559.392870162887,0.0288011805465187,208398.85827929154
2044.687280613959,2,55,30.841252823853885,4067.691589526221,0.6437198063249459,291300.2131327166
1188.9360955540274,5,75,37.67634908472913,4651.849163208902,0.27714435187335984,193798.66479181548
2156.499215086194,5,50,1.6171037078760118,2995.576468991756,0.44967697718372,389352.59457596345
1679.8373009209324,4,36,21.387645520912923,6395.89223025733,0.3452645520570531,278804.1304232444
1612.5895962252011,2,16,19.363826892703894,8537.403248066119,0.1727567562462099,288784.77224167855
2155.4799841017457,3,57,26.586145857052454,5315.841397289143,0.6219807900938741,292419.47726534464
2022.1316557430198,2,28,22.823575324148337,7447.7003858585695,0.8819755551406074,327064.68040401395
1619.51691709046,1,32,27.79452687271674,7688.539224025374,0.9590842422824034,230880.87723372318
2379.664901682124,2,59,26.665220805218425,4201.294148477595,0.19234636315391507,357848.0570871579
1259.4683362000515,1,54,5.563457269459902,4524.309123463767,0.7173727740629734,170351.7855136607
2107.967803472132,1,9,32.18899863113006,7486.197132528311,0.6643393666056823,312381.94210363796
2096.550628984192,3,46,5.806070452936669,5861.487955512222,0.34337778957457255,364896.5936916351
1645.226780343005,4,22,28.242694383156348,4063.8167007741113,0.019099199353725838,313244.89088812494
1963.066511121059,2,20,17.229669337983662,5044.710619607089,0.6897912473128661,299849.16129203985
1174.4432118073487,1,12,21.04017864848732,6629.490367218098,0.9454948605595002,195509.3868594389
2262.0135096034505,2,32,36.22862256065271,4809.094988842749,0.6321201219156514,305772.24298754876
1707.5489317785054,4,23,35.70546533246598,1838.1947018484088,0.4352927241876341,307135.62490267685
1538.6384897404803,4,10,32.896395920546155,5516.980234188245,0.5251538941116284,250434.0290598298
2324.5046129184448,5,16,20.895786837796607,5638.510209217206,0.19962880765991753,422690.271350751
1447.8281547286203,4,67,29.71335259521949,6013.839651216491,0.7505441637537376,201827.7410109573
1095.76935181822,3,46,21.002985165233564,7888.325059934295,0.746419830009849,221551.04267166567
1021.6854132380481,1,24,34.91463721651632,6080.284196848568,0.14551730038742494,154073.9377034984
2103.00497567282,5,72,16.708257496083096,6364.40603163856,0.8779783824996591,308876.7002352831
1159.7853237518584,3,20,38.8391784321802,7583.305460474129,0.26918973947330527,199590.07990351884
2677.3970909921823,2,11,37.36058757092623,6015.516023753643,0.9822560609366149,401676.84984735434
759.035296058139,1,36,29.922502158619636,9204.781117935152,0.3829030140372458,103944.61571036547
2648.228184145019,4,41,11.897219482866808,4104.437559031498,0.17788405873449964,417565.4344689185
1905.5087336013091,1,16,6.134489962937077,4598.778430338234,0.3517201113456523,311910.5513882905
1751.6434440648038,2,47,34.3334345536347,6920.93761240622,0.44018032869719315,261912.80910606356
1527.540456595525,5,27,7.44678915938049,7881.470299407958,0.06930777303829483,275095.6132332458
1999.5680571760354,5,40,34.31617077089609,5698.807504697063,0.5782183812232895,305551.0980050423
1781.1826487875758,5,46,20.139835261782057,4484.068243815891,0.5976324398689004,311104.08615336375
2351.650941008261,4,17,16.855714568516063,8641.484377838027,0.7389304553494722,397109.20001365594
1857.1138243310197,3,77,36.22444037454274,4811.4466577935345,0.029169892290743293,294852.4124257585
1875.1508807309388,3,70,24.550188319070838,6508.5816766994685,0.5412382144338301,230334.36174544552
1618.193893893072,1,12,23.487946278058992,7971.227717021678,0.052907433270664384,253025.0397244071
1771.5271881394663,4,12,22.791871840351508,5337.592164868469,0.7011442199666534,255289.45214607424
1953.9008844460295,5,30,15.475611124761725,5066.808244114929,0.05572798570098447,394207.3042318681
944.9158036716872,5,1,31.640081037635962,5169.468386955504,0.9117278483416327,157564.60730292858
1125.9072889471436,2,15,10.859139316615147,7352.3268848621465,0.7020825668844966,164501.13489577157
2171.6320470113574,2,8,37.61690344160973,7590.2215578039895,0.5073897650851571,320639.8157638335
1885.432719063971,5,72,35.86542299683147,6050.588087643191,0.44150392328117494,242416.64967743013
1708.0083318236605,5,37,14.161732701321029,8824.6233796046,0.13067263041326238,306992.0207622708
1809.2169665326967,4,74,29.449087023434885,6047.949838905191,0.2909993895646631,262199.4174545207
1973.7908526808355,3,53,23.355704583534067,7938.499821252248,0.8689591050208962,304541.7195996439
1530.1201598453192,2,55,14.168322777970149,5351.9975936235915,0.9044528115624939,214342.57184799624
1410.8476372988437,3,44,39.55234427182242,9500.634800558346,0.0007477083705310639,216583.28152378718
1897.9226275488409,4,33,1.984256488082304,8355.197123369568,0.5941363914775513,332566.4074412127
1310.813611192484,5,8,10.85319519423018,5808.038046707226,0.7193006090251136,233745.3421651952
2004.1263778572359,3,7,21.282888383334864,8151.810313075504,0.6187469824576063,303905.03039668786
948.7081978810799,5,6,21.35616713566399,8075.970736758027,0.08167976486635398,211883.8118994642
2314.5778186628218,5,35,23.968389922877,8329.561614438973,0.21772489879890222,395054.259750883
2036.2987412065215,1,17,30.31537070889385,2277.020496419542,0.25034026738138604,294643.29766450997
1928.0148671569377,3,2,25.31563539025256,7079.027173936253,0.8317246313050897,282648.5525396548
2291.345491972757,3,27,24.41097696059344,6813.448153958612,0.46319943630892046,369244.27343903645
2632.7372222312883,5,69,3.0870640536086884,6706.609921415179,0.4868282119412368,466474.4583969598
2307.1850325090654,4,43,15.684681223782635,6327.519650096846,0.9348930465545086,360466.0506740214
879.5628843341774,1,20,10.050173848345084,6371.716919271789,0.6370858888547155,142899.41749898944
1160.2115166321491,5,27,11.349434352477042,7924.7104579471215,0.8986677015526638,223087.08503055075
1487.5907111521606,2,53,22.61916149927345,6809.210060540058,0.45650885534153296,194645.4219934857
1813.0455251054168,2,53,8.78070728225473,6325.359665598544,0.14943625851829423,271175.4168321557
2058.8295102345614,1,64,12.464014939659004,7709.071522253428,0.9299355940740857,295476.7611098727
1437.1280934232673,4,20,10.246303632176264,6627.039267617805,0.45870511566753824,293499.1142110818
1893.383382238539,5,12,37.9916147855096,6770.35264103007,0.18163142187882186,322569.88073932356
1422.3085338233386,3,56,37.84196355467271,8800.555663216841,0.30239574030392224,160837.27290649244
1494.241098504026,1,48,24.787720785246016,5348.278931175529,0.050802589688942246,224794.0423001327
1096.6694515758888,4,53,37.0563762805441,3726.434492398136,0.46830059145638514,191267.34796342088
1338.3833769445478,3,9,31.646693173266552,6108.545266486196,0.8531281719102366,207832.74888848193
1124.1576971918332,2,52,24.007967429270543,6321.815017435446,0.9335804560066894,142091.00428147096
1312.0633735113336,2,43,1.2509732483750327,7082.293544185786,0.9326022075036438,199266.89641512098
2326.82089830392,3,46,31.128135157096757,6160.973871992942,0.12523002562874674,363723.05894293456
1325.3005555840284,1,52,28.397045321950284,7132.678865958838,0.382053882511057,163983.58732137256
3116.1910324186956,2,73,24.994892478014144,9756.925020407354,0.02822875965070637,480633.34135044855
2046.6589504404446,5,45,30.656548155616395,7202.271478315513,0.8551653449714728,300611.9920104259
1892.418061847437,3,12,21.003964426215862,7465.972951577202,0.3587557620212738,333761.86504268716
1370.8211099093933,3,36,28.459247581532225,5805.702888416349,0.6311170278922348,205885.30513298512
2150.1549397044955,2,23,37.47171138233324,3922.1143657390467,0.7148984380772886,335415.18185751996
1512.181086881113,1,1,15.656395617997365,2552.832619305382,0.4298446697431554,262942.48247544793
1861.0049073226808,5,13,28.616751561124392,5221.979126796423,0.306442336550243,354816.44329629955
3080.0422691343974,1,9,19.55182490242739,2129.4425160523206,0.9622129101159447,463043.57076068816
1751.9700501376751,4,34,27.30158642074528,6770.323537528911,0.9644882250238542,265834.32220358995
2374.6366631428377,4,24,30.7528400866202,5425.774523362718,0.28943636803002193,382270.88195661566
1448.4117874370563,2,2,2.7726475169960425,4029.937700287135,0.4796250967444581,259745.73531076105
1782.5057547515191,2,16,26.217417313997814,6196.311179922938,0.9728441586600224,279090.41051585384
2685.400317817755,2,11,9.842906191870838,4892.051709537294,0.004868407655503226,445076.57275819674
1486.5164711061163,4,53,27.131268974495104,6676.1643804761525,0.41267824837914924,233101.80934410958
2706.2242789984643,1,23,19.264877251418724,7061.439494733756,0.10045754968096843,446849.5178009582
2153.8759677277376,1,28,31.168556932730603,4947.2487555173375,0.5091579655626026,340219.2964997601
1518.766612052866,2,42,5.8126317930182605,5644.078228364511,0.02466995454048715,269301.30361621676
2116.2038695277606,5,24,25.42657171459161,6322.34363075733,0.40689843139062787,377752.59829839313
2286.277224813365,1,59,11.860358428174541,3889.4366796863624,0.22069907478533513,353946.7022031719
2110.9049811085983,4,64,34.26629781789307,6322.211284315525,0.5333083624587408,293033.9303178995
1014.8876400547717,3,27,37.20695671981599,3853.472027880907,0.9959936491006997,174805.91459971617
1436.4314120875656,3,15,39.85953345348316,6848.575469329304,0.8005361051267477,201831.6353601874
1676.2406822242476,3,46,32.04428869466405,5347.254506057701,0.8456420916244214,233714.80807801516
1762.7832854499768,5,57,30.39562874669218,3845.1858989336483,0.6352649873590809,290938.8669425217
2110.336048775339,2,75,9.404529595834491,5130.039601288763,0.04155984827225856,350046.06153293536
1888.850500466627,4,26,14.10427530061424,5193.488128209837,0.20679767604414412,335840.6160548813
1132.3278206449495,5,52,19.1616191287289,7602.7813250804165,0.925064556447055,206768.7053172108
1990.0989255029817,4,41,31.161860863507737,6259.957048928691,0.36611311792875123,306029.12136130943
2105.2928726419113,4,58,36.68366873804078,4565.583813652301,0.10363672648079558,300616.9158161251
2079.89522396552,2,46,8.3764249008964,8473.59943080073,0.702405365866202,304238.90266673005
2340.3903627773107,3,33,36.97233190213401,6939.735602265837,0.2994577239342546,368573.4233594853
2216.961077274452,2,36,28.129361441808264,5495.516447130507,0.2688569129041717,351059.8635609604
2029.5900396142183,5,5,24.820058496716506,3669.248721457466,0.9979774555582603,329249.8060621118
1764.9171442706765,5,6,8.793809579995642,5363.10963077971,0.8581389250266543,337090.90946107253
969.5195332420043,5,24,3.165476279556872,5669.230373013494,0.40793781836784104,273599.81031939574
2014.809109566293,2,32,23.170131041809658,6553.548497175383,0.9802612078164991,318499.0766344326
1903.8438435815556,4,54,26.409111649826805,6910.884764489483,0.6501132234192136,269051.60303731845
1935.7894185976868,4,57,9.220476524832842,7209.873143116103,0.7420224518797602,333128.0163275108
1161.6257120898454,1,6,22.7017920271928,3582.7988537421793,0.03151304308221159,183674.139562692
1259.4717297958687,5,56,34.40324270774037,6312.757231744863,0.1216052593480571,143588.88585372406
2326.576426666452,4,11,33.56757187274578,5760.576262127683,0.6330851264962384,371955.4620548948
1780.2224230716724,1,15,37.16685204286559,10016.965914254817,0.8990239826494839,283610.32693733723
2140.7503486863125,4,79,15.269546572718337,6097.041658644556,0.6237437260875957,346438.9631872694
1814.1591880652306,5,42,13.40393332948583,5066.020202307943,0.13402489431899178,332073.9751724551
1814.8780697478726,3,76,30.227614233251536,6165.5532850753725,0.11576004624632463,244114.00603006672
2269.141902987999,5,6,17.813383798783196,5987.14756798385,0.8441858958240817,405228.92168952327
1541.9776358913132,2,50,4.414397897083443,3016.441039273477,0.1393023387079143,251145.6570491631
1848.0603884704917,4,72,12.029244096149489,6612.456695126756,0.5202319605040254,278910.03286209604
1568.8623556474788,4,31,17.324709135728074,5534.162863982127,0.03711331996230227,305737.25981873635
1582.7518862838422,2,74,12.408140593573828,5959.963177259222,0.08066976739117737,228579.68979078688
1645.4139382656804,2,7,13.956017266945542,4689.647199164163,0.6723482676428648,302031.6423379977
1911.0668858168565,3,71,12.45726034080124,4359.128654681646,0.6891814104275167,267373.2381185881
1560.6256891682613,4,44,2.6184675201400984,7318.3235011134675,0.3414694066084424,330528.5559954605
2427.8780627867604,4,58,25.846693332153258,7662.684984664235,0.21560976524304476,345056.0576261189
1352.696348890248,3,3,24.294404393785303,6627.147908155853,0.813710270757308,213770.44680236035
1706.5641779193204,1,66,26.481956440668544,3283.8035991605484,0.21710322946989036,220408.84765731316
1580.1344708629126,3,28,8.500085945311472,6724.5950388919855,0.5420270696663797,239377.541635501
2523.4889421768667,5,28,12.530527122886927,3306.095172994971,0.9682088408629055,363473.752907199
1898.2773882557874,4,27,25.16502115085197,5008.236547757602,0.14785243786238378,281466.8241335217
2315.9222697343175,2,76,24.385475169936935,7298.337673135862,0.9408762674947089,300538.73082045256
1057.219813481514,5,78,20.746882064816443,6986.397722556737,0.18289305306866865,168214.4525803736
1933.5251329346295,4,43,14.666116750397698,6685.4510468002045,0.5674432080232296,326637.19029215875
2244.8153978117184,3,3,36.60430918621291,7969.353980879676,0.3770077119587446,360104.29285990854
1841.141994637712,5,8,14.251039449654908,6840.02272111189,0.9649286015018259,339117.2567085604
2332.7401875326755,4,4,18.769147101052813,2971.4711624386764,0.2735420290019369,397289.66064437333
1541.3557749498138,1,55,27.44643940721414,5445.703730615461,0.39965800208575364,219231.68967974282
2504.67372009279,1,49,22.177835803803802,5937.587313403409,0.9828601178554205,357509.8754628275
2949.449061809625,2,74,14.528553078211036,5761.887409845942,0.5364703911884732,420320.3403410146
1618.5807197801705,4,14,17.990146827803883,5074.297237346415,0.5026301156212535,300331.8074248228
1577.248739299614,1,31,31.98475189628674,4454.765799804608,0.2577784882039913,221173.44128502812
2526.6922385588505,3,27,11.847037063977885,9601.117454188978,0.7013635603104414,387348.0899790634
2589.7860728653563,4,21,6.547954351295801,5416.882762191327,0.014372951777777643,480338.4892015615
1538.569986423366,3,16,13.213364871361307,9527.403080061678,0.04951262970229353,277598.55699354893
1589.9065914520713,3,58,34.131834404028154,4288.064392865919,0.5993585871358027,229360.0873862616
1659.1076955697463,1,70,4.470598879397519,6985.590103138511,0.3416745738184541,256361.73445042953
1127.7747444828615,4,56,39.67614686152562,6344.462124584804,0.9533163722009605,137250.97828293912
1340.674026757901,5,25,22.099113058178837,4617.075709402408,0.9031906907227857,192550.9972145164
1297.929616623966,1,24,39.408984014716665,5298.664335268974,0.7137062586767072,196357.0185300455
1416.1012174479358,1,9,37.620860461353125,5977.304895958545,0.8181455811278013,188931.85705616197
1782.6575563066094,4,44,18.659734854225754,4733.825074250812,0.6673318496676933,296347.9975662353
1917.1073662682604,4,10,8.741151909608615,5615.78910894686,0.12558210271016068,361639.0097449994
2575.2502464070385,3,76,7.4305062860404,2452.6463619140773,0.7655433696892027,370852.0624538995
1300.8229796306046,4,52,10.359585190928343,7067.273985403109,0.21019196871884638,239669.0148353788
2292.161199238292,3,71,28.695172982016953,7840.727511184189,0.32344285510019677,330491.0354509178
1693.0055778872456,1,67,11.645049794528026,6681.545561247989,0.8192342121024202,226329.4709472024
1775.2681451737835,2,27,14.315585514567633,9396.38719190667,0.5365256083934482,294807.5584639829
2137.409746083302,5,74,18.502373355789977,7023.1443413998395,0.8599407141834092,330447.2622615419
1238.6389892188508,1,64,36.6160745364368,7714.21445816634,0.21303531984326418,158665.48943437307
1991.2048730920253,4,48,8.386343297508997,7857.544248765166,0.6077784386068872,336050.0956117425
1883.226104106528,5,46,1.1960355517823213,1873.479965121548,0.08379097254826162,357541.8328383898
2046.2256320040747,2,51,3.3437600047486358,6635.509798124344,0.6430609935400297,316615.99849467434
1944.584321953909,2,53,36.2858873255246,3925.5975745248284,0.7625340377755347,294331.7189405121
3027.650069955447,3,59,26.253142128891163,4228.6448226437915,0.5849308939787217,468188.9322860619
1481.130007874342,5,56,11.648584153784464,4489.540092297128,0.26623150149881025,276137.6199867368
1534.5015224990912,3,46,7.910507539436453,5530.926299973936,0.03134266885886672,232799.42972314986
1488.429736787618,1,30,12.476402728847459,6975.689941106545,0.11944888396428577,263038.15256525564
1522.2614404198725,5,45,5.477080162799924,6650.984737510056,0.6223029790740262,272023.73426433926
1481.306436346741,1,25,37.719783501093204,5981.127925773604,0.9344202168425138,169972.32491845608
2394.508265553776,3,4,31.584040800245408,7084.025161808941,0.2065344039720064,389330.27583105955
2510.2521239949274,5,51,19.03325589958909,7175.229482388155,0.7350261491050988,382130.9145628904
1514.6268531252617,3,74,34.733541599492874,6663.936283850018,0.8664510632490415,193364.11811496882
1383.8222134478856,5,53,10.72886996743606,3413.242820887821,0.5208821784475111,272599.9286056436
2035.707778193202,3,32,28.967702170415546,4891.000815964914,0.6692657958436578,322529.2170641127
1523.8884778595143,2,49,34.389167461536,6039.491750913973,0.8150153166761481,250678.5493039584
2116.4659088777553,3,37,14.913979753307633,7100.179324711627,0.2606751577405936,320806.77202739916
1901.4615104256497,2,26,30.54111337257799,4007.1305134140202,0.296895674268043,277594.25321438507
1042.127942501384,3,14,12.507821621308064,5982.98221533708,0.0006275166284561706,199444.09402821976
2573.752600665031,5,60,12.655428275102201,3651.5633154158218,0.9630941308978025,422077.41667819605
2697.9388365477607,5,20,5.175229963613257,7538.876978578917,0.9175448945963448,464068.38051644096
1493.6056547578069,5,45,18.16226381386655,6363.520917547086,0.7645682637594303,254377.77034472753
1606.1492200320079,4,68,29.458764353399467,3980.795946066086,0.07907602097664812,250597.2583769959
1942.9326953624525,1,5,37.66861141728011,3970.9071932935603,0.44750288969950813,256357.93786331476
1967.2283949935124,5,37,24.548082685234746,6581.14780737639,0.10189175397155281,326340.69895268104
2129.2721363364153,2,61,34.66228597169382,8062.198371844748,0.015920267262798604,324189.49929268536
2805.1022693831746,5,61,33.07729132231886,4354.82124382598,0.6161829652125973,401611.79894511355
1711.5263862529753,4,77,7.760379066035953,7179.906162924116,0.9608294170801884,224750.45977096108
1400.851377730773,2,73,19.946879727592627,5186.6434229582555,0.9028680234321501,157049.37545749402
1110.3403859927364,4,45,5.560017885490268,7234.79115403933,0.6967548149354044,200052.60785858627
1434.5349800290405,2,12,27.603973300903764,7024.786365547969,0.09664058416487142,248659.8526569388
1783.4365135631015,3,2,38.046087061596964,6232.9497622236595,0.27416403767230013,291671.05863733776
2697.278931758894,1,5,6.346488865071503,3248.4130405791257,0.32005672688529097,435682.87390196684
1541.1943504819142,1,7,29.62144210129911,7021.77847518617,0.7631500577455612,251082.31341531337
1911.8939758194492,4,43,25.65728788384658,6753.028906495298,0.8022491792351141,290755.52825184655
1791.788551963624,1,32,23.76059644331589,6615.644629791754,0.3851061229899204,273393.5209394141
2394.196636724042,4,74,16.21468915284523,6293.511094846467,0.41788399661760967,354438.8445227345
3063.4662129368107,4,76,14.85013426239869,4681.819667501838,0.044509039276171336,504651.9039884464
1534.5656135398397,4,49,2.7647183717366266,7624.444156528667,0.289136718418761,275579.92912972835
1555.280278740889,1,10,9.498439621828526,7347.209581224954,0.45128517717763994,273694.1035573764
2322.080438534536,4,27,1.591898409186249,4386.865834733002,0.11698304638525758,440288.44728684693
2140.9457448131557,1,69,23.6752671176988,7971.442515776627,0.45326746075502133,298374.66747552704
2723.3536628680167,4,40,5.128276199238445,6197.504151953081,0.8531758122578004,450712.1629962666
2091.964092662982,5,15,35.047756367158925,6193.705429717758,0.5813210197250533,304697.6494284605
1620.3539546064703,4,67,21.402577807189445,5735.466995371976,0.07892985503841232,270064.96485365566
2095.327415346155,2,47,28.28790645328963,5883.009905122416,0.19167131883027433,311394.8716715952
2354.3517902914537,4,55,17.02342658177936,8056.3487824646545,0.4745443501585562,386325.2977946726
2210.241090598682,3,63,22.862612551040897,7549.612476897773,0.36148714982181207,334761.1161897589
2053.637015553649,4,58,37.76370790169859,7517.770625459122,0.35872701954609876,288090.5700025773
2333.337344794577,2,61,4.22662754532316,6276.846528818067,0.5292674481435902,379422.4733455222
2384.6477952228365,2,75,10.903573105024151,7333.757585301595,0.5843959215894574,352439.97937440703
2491.0794955187635,1,10,31.41954474951123,4748.5303889391425,0.7968615702761911,338336.091052282
2124.3549437948213,5,17,4.850751068423968,6875.1644677471,0.34096656346248466,427468.7901251301
1716.4409598415727,4,18,3.950783052260323,5769.767952046549,0.8054662830405868,285905.9255229715
1873.3568432166614,1,54,15.100114551407504,2910.2925188875165,0.33861122911263253,288834.18750479486
2403.2544832541785,5,25,4.5945503804248595,3620.847511767055,0.05543298894123383,468913.6877113908
1391.5321645063818,4,5,23.81805924604192,5005.53182986617,0.5541876510047912,230262.26121721772
1984.3366544364505,3,3,9.824734781847393,6622.730976523066,0.5879023248948145,353666.55246414046
1603.3305938363196,4,28,35.93222056477552,5006.880317499046,0.9345402456218601,231859.8465719434
1814.3724114674087,2,58,31.55650315296501,5113.324893922937,0.7260613260624744,233446.4938930176
2439.2259313036493,2,16,28.288503037879572,7144.891382812262,0.9177726524944395,404012.5054341806
1895.5495340099517,3,42,25.060817067995576,5167.481820825469,0.9083472102430096,254331.37437551763
1823.2182740780745,1,79,34.67516348331707,7996.210863051617,0.6045741102582421,209993.8534075116
1120.0719295100403,5,65,9.699420400167519,7747.6856097302025,0.5277620653364475,231190.61806205675
2173.1267830136103,4,33,35.051244867804876,6032.8219808569775,0.5574409671635999,325875.58853035717
2122.7420905705376,2,7,31.79019963853804,7130.192177487493,0.9783308076772478,301320.8799351012
2881.62736165273,1,12,30.178272229119738,6925.860681534573,0.7731676917469589,433293.6801502852
1646.1108825234996,3,7,22.88897144492204,5631.502086060895,0.10626590479239584,311171.01307363214
1909.5751638319696,2,64,10.603522277853404,7292.451994458219,0.7784284067813999,272706.2235405238
1924.6918418553776,3,42,17.518368723683956,7513.353083085791,0.17053804889822588,329824.1557081564
2588.7266398817374,4,38,31.949255527013264,4571.3471538143995,0.44735054900562565,368174.9886477095
1752.352233806524,5,58,2.239360889935653,6230.322957481112,0.21045967217653427,292820.1078173694
1939.5107628851697,2,43,31.499980001286573,6213.755733864248,0.6895830655332298,262214.9383275247
2103.9482548582696,2,8,10.362758879015093,7274.429201176057,0.8773097361930356,363678.0146266134
1893.3045615781791,4,36,6.628058828142518,5334.212474325995,0.29036188536668095,352441.1240018664
1576.783192724736,1,73,5.512351409031784,5103.359500835357,0.08201074120818763,213955.02761142654
1897.0449964491538,5,35,2.0627504660817895,6253.49949046673,0.29849309807496327,371503.2439015865
2336.815874929886,2,27,21.419872923636664,7772.038834880359,0.6723618579321944,365495.9345945184
1286.7423502944698,5,41,9.51213503505545,4200.934326885099,0.32876012755444994,226898.12092969764
1866.484837073438,2,42,39.58783886540563,4462.790769994308,0.2781121675538034,230889.41673582184
1449.9395925304134,5,41,23.403033479016024,5219.2426380441175,0.18443519058426494,259088.28131768477
2397.5233144624212,3,65,6.377525504884407,5486.134391877671,0.49751642687443354,399900.2493728679
1038.4065476081128,2,54,27.861739091643248,3351.625796343728,0.2759488281571876,139903.60886728304
1520.5390763642058,5,71,36.01199909387929,8247.292930372721,0.7310103491394832,193128.72121224817
1988.6059375322604,1,47,30.06200031941496,5804.540112976332,0.07662240199220272,247547.8525753147
2582.7620146171703,3,21,3.981154580538459,5579.843213730043,0.6640330331113176,466471.0826936606
1767.124869463506,3,26,35.93948306651372,8433.956307053126,0.23756001456776987,300937.63020322367
1522.4002366534007,1,66,31.963246048538625,7076.690242685719,0.48927926105160313,193131.70605445755
2740.578534720295,5,12,7.17385210411896,5196.867183999977,0.2860899220312606,522096.9181042372
1075.993049791878,4,44,3.0196496605798577,6246.911767962233,0.7227686760107956,206958.6282285844
700.5970216899591,1,9,22.73511243725803,5937.394301435282,0.9453070402516367,96681.72298057462
2020.0072250266662,5,8,7.0853966422590995,8172.526285393915,0.9170767794698133,385908.38287830894
1548.9728878236945,1,53,33.54904715121561,5748.8636974746105,0.5834262151440911,177022.78986200137
1289.3835914346434,1,26,14.975051610195276,3836.9106872126854,0.4626103032569784,184027.51721955603
2154.1782236496765,2,33,36.60280534472644,3184.1638397920565,0.8183005094393818,309073.98011890985
1921.9003568855994,5,0,23.061838713499224,8212.742021110033,0.6833263626277299,366733.16397726093
1517.9606846316358,4,31,8.124222985347057,4817.077953356054,0.18356411421693286,259360.23508718074
1159.8478006645528,2,70,6.444355827032203,7005.317483449965,0.8209192136130002,142957.7412688074
2236.2286641400724,1,66,23.4824250647524,6107.6451460725775,0.4288843893947102,297858.42676152586
2125.1005889793305,1,19,30.713460862635312,5375.017818182614,0.1889856599711751,308349.26622658334
1750.4120681103086,1,34,31.478720261945103,5610.228874495311,0.28179735039649245,260440.04232403188
2723.318498023833,5,77,11.754538773209969,8375.066822294299,0.26752703024834235,438951.2860362101
1264.9576168369238,5,16,8.965623597574531,3827.9048570353125,0.5192069746034601,278872.9327578757
1037.2374145376307,2,17,1.653495875202914,5420.317153866112,0.2343700906778755,219660.05445991585
1454.0459650593777,4,44,27.488766896845604,7359.848641025552,0.12356648740157616,229794.91048020852
1777.206991822251,2,52,3.9861620789080203,4075.282487330616,0.12369085061376073,255619.06787349505
1921.669724661346,3,67,17.409686868871106,7975.924211666377,0.5832761971390966,290578.6105905986
1679.381971071835,1,64,24.465604396713548,7338.374573630438,0.7347592888493786,182436.2973427589
1976.0276982571484,1,0,37.5472488518674,6407.693527698505,0.3215330088383408,290113.5735126012
1174.230287904778,1,57,13.160283341274976,5245.264643588599,0.03465070981401708,165810.59060462742
2521.88230203663,2,25,10.741114335414272,3882.650767224064,0.12722488693701073,405950.68643104227
1758.9244108037155,2,19,26.51224601715784,7060.568841201106,0.9146945603370571,239229.9082685739
2358.647915794064,1,9,25.150322250089683,10122.967401725831,0.493543659589453,359805.79684754414
1971.362673188852,2,58,13.952281549016858,6218.838803875287,0.45357280961517477,320124.5635431339
2028.376609576892,5,74,37.195971584881676,3260.931883902149,0.038049178310090914,317505.8922292115
2084.883640116102,5,40,33.949630772095674,6686.274735190122,0.7286370223168991,351971.5341694645
2023.8542800086575,2,4,9.735319288738165,7290.394457101793,0.5280680809320789,354716.8400693081
2121.361379933772,1,64,10.326559271946405,4623.221352156094,0.20208093608652078,320122.76528182765
2464.5762650662155,2,16,20.979713528596143,5031.732110865906,0.11007376018105719,425390.3492372114
1898.260584850735,2,21,31.169311967498093,4878.932656880562,0.3833878636319985,260028.13004242195
2154.5018787942563,2,40,2.717574796150111,5202.954199704467,0.8371619641950256,358502.5392325454
1755.1321528563867,3,67,28.04007099565356,5741.755328582931,0.8652945592010245,259181.28478402586
2520.0586077247362,5,68,26.281199997901783,4708.648337259746,0.6028463803956364,357739.6899037557
1461.8038489703652,4,10,10.027723740606541,4146.243387971663,0.7275364272301427,300348.1686057572
2700.470216455408,4,55,27.572767516412604,6261.563078512526,0.11515578740287036,459934.1553346629
1779.9210246778282,3,50,37.667144458831224,5726.006940204449,0.5881260654678548,259852.6023400172
1084.6124489409758,2,20,2.8246479538989724,5345.637344824775,0.6669657034871818,215027.28636853446
1864.0522074553946,3,75,13.46643015639044,6124.784575082272,0.2007128429137922,263240.84876388917
1459.4741712625596,3,25,18.088891949987854,3719.7364416623336,0.8801547329102589,254206.69724123756
2220.321774494362,1,18,36.0711539980629,6394.80438449514,0.19499673752101976,310969.4287676774
1473.6880103488045,5,59,38.52819641775711,5376.4676995656555,0.3134773598464504,224804.33758223007
1576.9082833926102,4,70,18.32049461335696,6359.234202169169,0.6205568470234586,246579.16572911115
855.2296345272345,2,46,30.251108073545456,6599.4736581284515,0.6383500651307308,44231.16819145139
1573.8468403754616,4,70,21.734779926814838,7696.726917429267,0.6993847409873672,240002.83544204952
588.0603366855216,4,25,21.973534454913683,6154.4316254833675,0.11201171306820568,186626.75640894804
1008.0485882571384,5,39,11.845881087587902,7600.0782450814895,0.8494644299285553,150117.56175408582
2180.207328072149,4,4,9.461293588691301,5517.130288304865,0.5328471322832599,393610.16555563465
2192.9000793254163,4,20,12.232208491037605,5588.733729953365,0.47132179410506836,342682.20526431827
2012.7287808924823,3,77,22.69679228302609,5863.607740764487,0.9810976245135096,250675.58667935335
1316.5119284353934,5,3,2.1370522548614708,7161.187351017318,0.7403782969410198,245386.69958041477
1776.1443219290102,1,22,36.382708829899826,6946.43861553437,0.11800602661937487,267791.1280169336
1798.1987304547158,2,14,7.095064672441272,6202.607819792691,0.7565391672262407,323468.3492475356
1220.8176554037286,4,7,9.583458397984076,4158.396987593218,0.09524893397286949,266801.5593249654
2551.6991508835754,2,40,21.21277088145821,6919.588763649489,0.027470562512984853,383347.12757310696
2238.6811452878355,1,18,28.694475887153892,4707.893047825543,0.4036258952698971,323479.57206808013
1689.517913085168,2,45,4.733433135031495,4626.15390930042,0.9935781728192187,265217.95361596503
1813.4429194972654,1,27,13.390093204339324,4292.272365093476,0.17488393619486264,275690.84495964344
1904.1914039737762,3,67,38.77830961739993,5875.246933796947,0.67264434352679,218856.50756144387
779.1325657878547,4,14,11.231375704456882,7817.586447706031,0.17339606620611936,184473.57101868212
1676.4113087397016,1,36,13.208955657462727,4551.959183429679,0.7247869749583861,231314.4077574208
1459.0078760011006,2,0,33.62344113410331,8517.863929761132,0.5053536682378261,248522.29585647047
1299.1899950525421,4,66,2.9583628359277547,7364.7153336803585,0.6799717100893763,247945.18237500745
1659.4498535570226,3,23,19.119913583549863,3803.0969051240636,0.2028731759142346,335309.27424516494
2698.843263424761,4,26,15.80505381361514,5425.8372267325185,0.745628332520502,445563.0715139344
2120.4214306335048,1,39,13.346883636437395,4439.624599513792,0.9956190596227067,318773.00980710675
1514.4105051086017,3,62,12.142284167745817,6997.4331866035745,0.6656505006259598,221387.15400321732
2086.291390678079,2,60,4.563590089555959,4517.754978494386,0.4934799980728777,311581.8979977495
